,num0,num1,num2,num3,num4,num5,num6,num7,num8,num9,num10
0,-1.11,-5.44,-3.24,0.0,2.49,0.26,-3.86,-0.24,0.37,0.2,2.68
1,-5.44,-3.24,0.0,2.49,4.1,-3.86,-0.24,0.37,0.2,3.11,-1.11
2,-3.24,0.0,2.49,4.1,-1.28,-0.24,0.37,0.2,3.11,0.13,-5.44
3,0.0,2.49,4.1,-1.28,-5.06,0.37,0.2,3.11,0.13,-4.5,-3.24
4,2.49,4.1,-1.28,-5.06,-4.45,0.2,3.11,0.13,-4.5,-1.56,0.0
5,4.1,-1.28,-5.06,-4.45,-1.71,3.11,0.13,-4.5,-1.56,-0.83,2.49
6,-1.28,-5.06,-4.45,-1.71,3.54,0.13,-4.5,-1.56,-0.83,1.77,4.1
7,-5.06,-4.45,-1.71,3.54,-4.51,-4.5,-1.56,-0.83,1.77,-1.95,-1.28
8,-4.45,-1.71,3.54,-4.51,0.76,-1.56,-0.83,1.77,-1.95,1.39,-5.06
9,-1.71,3.54,-4.51,0.76,1.73,-0.83,1.77,-1.95,1.39,1.74,-4.45
10,3.54,-4.51,0.76,1.73,3.59,1.77,-1.95,1.39,1.74,0.37,-1.71
11,-4.51,0.76,1.73,3.59,4.81,-1.95,1.39,1.74,0.37,5.71,3.54
12,0.76,1.73,3.59,4.81,-1.44,1.39,1.74,0.37,5.71,2.01,-4.51
13,1.73,3.59,4.81,-1.44,4.73,1.74,0.37,5.71,2.01,2.13,0.76
14,3.59,4.81,-1.44,4.73,-0.43,0.37,5.71,2.01,2.13,1.38,1.73
15,4.81,-1.44,4.73,-0.43,0.86,5.71,2.01,2.13,1.38,0.78,3.59
16,-1.44,4.73,-0.43,0.86,2.21,2.01,2.13,1.38,0.78,-0.61,4.81
17,4.73,-0.43,0.86,2.21,-1.52,2.13,1.38,0.78,-0.61,0.3,-1.44
18,-0.43,0.86,2.21,-1.52,0.0,1.38,0.78,-0.61,0.3,0.18,4.73
19,0.86,2.21,-1.52,0.0,0.22,0.78,-0.61,0.3,0.18,-0.08,-0.43
20,2.21,-1.52,0.0,0.22,0.88,-0.61,0.3,0.18,-0.08,0.96,0.86
21,-1.52,0.0,0.22,0.88,2.25,0.3,0.18,-0.08,0.96,0.12,2.21
22,0.0,0.22,0.88,2.25,-1.98,0.18,-0.08,0.96,0.12,0.14,-1.52
23,0.22,0.88,2.25,-1.98,2.71,-0.08,0.96,0.12,0.14,1.44,0.0
24,0.88,2.25,-1.98,2.71,-4.54,0.96,0.12,0.14,1.44,-1.02,0.22
25,2.25,-1.98,2.71,-4.54,-0.43,0.12,0.14,1.44,-1.02,-0.04,0.88
26,-1.98,2.71,-4.54,-0.43,-3.13,0.14,1.44,-1.02,-0.04,-0.78,2.25
27,2.71,-4.54,-0.43,-3.13,4.35,1.44,-1.02,-0.04,-0.78,-0.42,-1.98
28,-4.54,-0.43,-3.13,4.35,-2.95,-1.02,-0.04,-0.78,-0.42,0.62,2.71
29,-0.43,-3.13,4.35,-2.95,9.22,-0.04,-0.78,-0.42,0.62,0.24,-4.54
30,-3.13,4.35,-2.95,9.22,0.23,-0.78,-0.42,0.62,0.24,0.4,-0.43
31,4.35,-2.95,9.22,0.23,2.36,-0.42,0.62,0.24,0.4,-0.14,-3.13
32,-2.95,9.22,0.23,2.36,-0.47,0.62,0.24,0.4,-0.14,0.07,4.35
33,9.22,0.23,2.36,-0.47,8.14,0.24,0.4,-0.14,0.07,0.2,-2.95
34,0.23,2.36,-0.47,8.14,5.93,0.4,-0.14,0.07,0.2,2.21,9.22
35,2.36,-0.47,8.14,5.93,0.27,-0.14,0.07,0.2,2.21,0.22,0.23
36,-0.47,8.14,5.93,0.27,-0.27,0.07,0.2,2.21,0.22,0.33,2.36
37,8.14,5.93,0.27,-0.27,-1.59,0.2,2.21,0.22,0.33,-0.34,-0.47
38,5.93,0.27,-0.27,-1.59,1.62,2.21,0.22,0.33,-0.34,1.01,8.14
39,0.27,-0.27,-1.59,1.62,-1.59,0.22,0.33,-0.34,1.01,0.15,5.93
40,-0.27,-1.59,1.62,-1.59,-2.58,0.33,-0.34,1.01,0.15,-1.89,0.27
41,-1.59,1.62,-1.59,-2.58,-1.02,-0.34,1.01,0.15,-1.89,-0.55,-0.27
42,1.62,-1.59,-2.58,-1.02,1.56,1.01,0.15,-1.89,-0.55,-0.51,-1.59
43,-1.59,-2.58,-1.02,1.56,1.32,0.15,-1.89,-0.55,-0.51,0.81,1.62
44,-2.58,-1.02,1.56,1.32,-3.31,-1.89,-0.55,-0.51,0.81,0.24,-1.59
45,-1.02,1.56,1.32,-3.31,1.81,-0.55,-0.51,0.81,0.24,-0.07,-2.58
46,1.56,1.32,-3.31,1.81,-1.03,-0.51,0.81,0.24,-0.07,-0.96,-1.02
47,1.32,-3.31,1.81,-1.03,-0.51,0.81,0.24,-0.07,-0.96,0.22,1.56
48,-3.31,1.81,-1.03,-0.51,-0.76,0.24,-0.07,-0.96,0.22,-0.11,1.32
49,1.81,-1.03,-0.51,-0.76,2.33,-0.07,-0.96,0.22,-0.11,-0.02,-3.31
50,-1.03,-0.51,-0.76,2.33,2.39,-0.96,0.22,-0.11,-0.02,0.83,1.81
51,-0.51,-0.76,2.33,2.39,-1.31,0.22,-0.11,-0.02,0.83,-0.23,-1.03
52,-0.76,2.33,2.39,-1.31,1.6,-0.11,-0.02,0.83,-0.23,0.63,-0.51
53,2.33,2.39,-1.31,1.6,5.32,-0.02,0.83,-0.23,0.63,1.33,-0.76
54,2.39,-1.31,1.6,5.32,0.85,0.83,-0.23,0.63,1.33,0.44,2.33
55,-1.31,1.6,5.32,0.85,-3.54,-0.23,0.63,1.33,0.44,-0.19,2.39
56,1.6,5.32,0.85,-3.54,-0.81,0.63,1.33,0.44,-0.19,0.25,-1.31
57,5.32,0.85,-3.54,-0.81,-1.86,1.33,0.44,-0.19,0.25,-1.06,1.6
58,0.85,-3.54,-0.81,-1.86,-1.05,0.44,-0.19,0.25,-1.06,-0.19,5.32
59,-3.54,-0.81,-1.86,-1.05,0.26,-0.19,0.25,-1.06,-0.19,0.6,0.85
60,-0.81,-1.86,-1.05,0.26,-1.3,0.25,-1.06,-0.19,0.6,-0.9,-3.54
61,-1.86,-1.05,0.26,-1.3,-1.03,-1.06,-0.19,0.6,-0.9,0.5,-0.81
62,-1.05,0.26,-1.3,-1.03,2.1,-0.19,0.6,-0.9,0.5,0.66,-1.86
63,0.26,-1.3,-1.03,2.1,-0.78,0.6,-0.9,0.5,0.66,0.31,-1.05
64,-1.3,-1.03,2.1,-0.78,0.0,-0.9,0.5,0.66,0.31,-0.57,0.26
65,-1.03,2.1,-0.78,0.0,2.67,0.5,0.66,0.31,-0.57,1.59,-1.3
66,2.1,-0.78,0.0,2.67,-1.58,0.66,0.31,-0.57,1.59,-0.49,-1.03
67,-0.78,0.0,2.67,-1.58,-3.06,0.31,-0.57,1.59,-0.49,-1.04,2.1
68,0.0,2.67,-1.58,-3.06,-0.51,-0.57,1.59,-0.49,-1.04,0.37,-0.78
69,2.67,-1.58,-3.06,-0.51,0.0,1.59,-0.49,-1.04,0.37,-0.19,0.0
70,-1.58,-3.06,-0.51,0.0,3.14,-0.49,-1.04,0.37,-0.19,2.05,2.67
71,-3.06,-0.51,0.0,3.14,-2.05,-1.04,0.37,-0.19,2.05,-0.6,-1.58
72,-0.51,0.0,3.14,-2.05,2.63,0.37,-0.19,2.05,-0.6,1.69,-3.06
73,0.0,3.14,-2.05,2.63,2.43,-0.19,2.05,-0.6,1.69,-0.57,-0.51
74,3.14,-2.05,2.63,2.43,-1.33,2.05,-0.6,1.69,-0.57,0.11,0.0
75,-2.05,2.63,2.43,-1.33,-4.81,-0.6,1.69,-0.57,0.11,-0.9,3.14
76,2.63,2.43,-1.33,-4.81,0.0,1.69,-0.57,0.11,-0.9,0.26,-2.05
77,2.43,-1.33,-4.81,0.0,-2.47,-0.57,0.11,-0.9,0.26,-0.6,2.63
78,-1.33,-4.81,0.0,-2.47,2.53,0.11,-0.9,0.26,-0.6,2.17,2.43
79,-4.81,0.0,-2.47,2.53,0.25,-0.9,0.26,-0.6,2.17,2.34,-1.33
80,0.0,-2.47,2.53,0.25,-6.19,0.26,-0.6,2.17,2.34,-3.11,-4.81
81,-2.47,2.53,0.25,-6.19,0.48,-0.6,2.17,2.34,-3.11,1.61,0.0
82,2.53,0.25,-6.19,0.48,1.21,2.17,2.34,-3.11,1.61,-0.98,-2.47
83,0.25,-6.19,0.48,1.21,-2.82,2.34,-3.11,1.61,-0.98,-1.83,2.53
84,-6.19,0.48,1.21,-2.82,2.41,-3.11,1.61,-0.98,-1.83,-0.34,0.25
85,0.48,1.21,-2.82,2.41,-7.57,1.61,-0.98,-1.83,-0.34,-3.4,-6.19
86,1.21,-2.82,2.41,-7.57,-2.6,-0.98,-1.83,-0.34,-3.4,-1.23,0.48
87,-2.82,2.41,-7.57,-2.6,-5.53,-1.83,-0.34,-3.4,-1.23,-1.52,1.21
88,2.41,-7.57,-2.6,-5.53,-2.98,-0.34,-3.4,-1.23,-1.52,-0.94,-2.82
89,-7.57,-2.6,-5.53,-2.98,2.65,-3.4,-1.23,-1.52,-0.94,1.82,2.41
90,-2.6,-5.53,-2.98,2.65,-5.04,-1.23,-1.52,-0.94,1.82,-3.01,-7.57
91,-5.53,-2.98,2.65,-5.04,1.18,-1.52,-0.94,1.82,-3.01,-1.21,-2.6
92,-2.98,2.65,-5.04,1.18,1.59,-0.94,1.82,-3.01,-1.21,1.99,-5.53
93,2.65,-5.04,1.18,1.59,-1.38,1.82,-3.01,-1.21,1.99,0.63,-2.98
94,-5.04,1.18,1.59,-1.38,0.2,-3.01,-1.21,1.99,0.63,0.74,2.65
95,1.18,1.59,-1.38,0.2,3.67,-1.21,1.99,0.63,0.74,3.15,-5.04
96,1.59,-1.38,0.2,3.67,-7.37,1.99,0.63,0.74,3.15,-3.71,1.18
97,-1.38,0.2,3.67,-7.37,-1.49,0.63,0.74,3.15,-3.71,0.11,1.59
98,0.2,3.67,-7.37,-1.49,-7.89,0.74,3.15,-3.71,0.11,-0.83,-1.38
99,3.67,-7.37,-1.49,-7.89,1.39,3.15,-3.71,0.11,-0.83,-0.6,0.2
100,-7.37,-1.49,-7.89,1.39,7.48,-3.71,0.11,-0.83,-0.6,-0.28,3.67
101,-1.49,-7.89,1.39,7.48,0.19,0.11,-0.83,-0.6,-0.28,0.31,-7.37
102,-7.89,1.39,7.48,0.19,7.66,-0.83,-0.6,-0.28,0.31,1.84,-1.49
103,1.39,7.48,0.19,7.66,-1.98,-0.6,-0.28,0.31,1.84,-0.32,-7.89
104,7.48,0.19,7.66,-1.98,3.05,-0.28,0.31,1.84,-0.32,0.05,1.39
105,0.19,7.66,-1.98,3.05,4.91,0.31,1.84,-0.32,0.05,2.28,7.48
106,7.66,-1.98,3.05,4.91,-0.85,1.84,-0.32,0.05,2.28,0.38,0.19
107,-1.98,3.05,4.91,-0.85,-0.84,-0.32,0.05,2.28,0.38,-0.71,7.66
108,3.05,4.91,-0.85,-0.84,0.21,0.05,2.28,0.38,-0.71,0.87,-1.98
109,4.91,-0.85,-0.84,0.21,0.0,2.28,0.38,-0.71,0.87,0.39,3.05
110,-0.85,-0.84,0.21,0.0,1.93,0.38,-0.71,0.87,0.39,0.51,4.91
111,-0.84,0.21,0.0,1.93,-0.21,-0.71,0.87,0.39,0.51,0.33,-0.85
112,0.21,0.0,1.93,-0.21,5.66,0.87,0.39,0.51,0.33,1.72,-0.84
113,0.0,1.93,-0.21,5.66,0.23,0.39,0.51,0.33,1.72,1.25,0.21
114,1.93,-0.21,5.66,0.23,3.76,0.51,0.33,1.72,1.25,1.34,0.0
115,-0.21,5.66,0.23,3.76,-9.96,0.33,1.72,1.25,1.34,-7.72,1.93
116,5.66,0.23,3.76,-9.96,-4.07,1.72,1.25,1.34,-7.72,-2.75,-0.21
117,0.23,3.76,-9.96,-4.07,-1.01,1.25,1.34,-7.72,-2.75,0.28,5.66
118,3.76,-9.96,-4.07,-1.01,-0.2,1.34,-7.72,-2.75,0.28,-1.41,0.23
119,-9.96,-4.07,-1.01,-0.2,3.11,-7.72,-2.75,0.28,-1.41,0.66,3.76
120,-4.07,-1.01,-0.2,3.11,-1.23,-2.75,0.28,-1.41,0.66,0.05,-9.96
121,-1.01,-0.2,3.11,-1.23,0.2,0.28,-1.41,0.66,0.05,-0.52,-4.07
122,-0.2,3.11,-1.23,0.2,-1.61,-1.41,0.66,0.05,-0.52,-0.54,-1.01
123,3.11,-1.23,0.2,-1.61,0.4,0.66,0.05,-0.52,-0.54,-0.28,-0.2
124,-1.23,0.2,-1.61,0.4,-0.2,0.05,-0.52,-0.54,-0.28,0.75,3.11
125,0.2,-1.61,0.4,-0.2,-1.0,-0.52,-0.54,-0.28,0.75,-0.08,-1.23
126,-1.61,0.4,-0.2,-1.0,0.81,-0.54,-0.28,0.75,-0.08,0.91,0.2
127,0.4,-0.2,-1.0,0.81,5.98,-0.28,0.75,-0.08,0.91,-1.22,-1.61
128,-0.2,-1.0,0.81,5.98,-0.64,0.75,-0.08,0.91,-1.22,0.69,0.4
129,-1.0,0.81,5.98,-0.64,-0.42,-0.08,0.91,-1.22,0.69,-0.01,-0.2
130,0.81,5.98,-0.64,-0.42,2.6,0.91,-1.22,0.69,-0.01,-0.05,-1.0
131,5.98,-0.64,-0.42,2.6,1.54,-1.22,0.69,-0.01,-0.05,1.15,0.81
132,-0.64,-0.42,2.6,1.54,-0.44,0.69,-0.01,-0.05,1.15,0.33,5.98
133,-0.42,2.6,1.54,-0.44,-1.72,-0.01,-0.05,1.15,0.33,1.16,-0.64
134,2.6,1.54,-0.44,-1.72,-3.93,-0.05,1.15,0.33,1.16,-0.08,-0.42
135,1.54,-0.44,-1.72,-3.93,1.9,1.15,0.33,1.16,-0.08,0.85,2.6
136,-0.44,-1.72,-3.93,1.9,0.85,0.33,1.16,-0.08,0.85,-0.03,1.54
137,-1.72,-3.93,1.9,0.85,3.07,1.16,-0.08,0.85,-0.03,0.67,-0.44
138,-3.93,1.9,0.85,3.07,-2.56,-0.08,0.85,-0.03,0.67,-1.4,-1.72
139,1.9,0.85,3.07,-2.56,-0.21,0.85,-0.03,0.67,-1.4,-0.4,-3.93
140,0.85,3.07,-2.56,-0.21,0.64,-0.03,0.67,-1.4,-0.4,0.0,1.9
141,3.07,-2.56,-0.21,0.64,-1.89,0.67,-1.4,-0.4,0.0,-0.18,0.85
142,-2.56,-0.21,0.64,-1.89,8.2,-1.4,-0.4,0.0,-0.18,1.27,3.07
143,-0.21,0.64,-1.89,8.2,6.81,-0.4,0.0,-0.18,1.27,0.56,-2.56
144,0.64,-1.89,8.2,6.81,2.49,0.0,-0.18,1.27,0.56,1.78,-0.21
145,-1.89,8.2,6.81,2.49,0.25,-0.18,1.27,0.56,1.78,-0.3,0.64
146,8.2,6.81,2.49,0.25,-3.15,1.27,0.56,1.78,-0.3,0.24,-1.89
147,6.81,2.49,0.25,-3.15,0.24,0.56,1.78,-0.3,0.24,0.1,8.2
148,2.49,0.25,-3.15,0.24,1.23,1.78,-0.3,0.24,0.1,0.08,6.81
149,0.25,-3.15,0.24,1.23,0.74,-0.3,0.24,0.1,0.08,0.43,2.49
150,-3.15,0.24,1.23,0.74,0.0,0.24,0.1,0.08,0.43,0.74,0.25
151,0.24,1.23,0.74,0.0,2.02,0.1,0.08,0.43,0.74,-0.23,-3.15
152,1.23,0.74,0.0,2.02,1.8,0.08,0.43,0.74,-0.23,0.31,0.24
153,0.74,0.0,2.02,1.8,-0.26,0.43,0.74,-0.23,0.31,0.13,1.23
154,0.0,2.02,1.8,-0.26,1.56,0.74,-0.23,0.31,0.13,-0.61,0.74
155,2.02,1.8,-0.26,1.56,-1.29,-0.23,0.31,0.13,-0.61,-0.47,0.0
156,1.8,-0.26,1.56,-1.29,0.78,0.31,0.13,-0.61,-0.47,-0.13,2.02
157,-0.26,1.56,-1.29,0.78,4.04,0.13,-0.61,-0.47,-0.13,0.03,1.8
158,1.56,-1.29,0.78,4.04,1.64,-0.61,-0.47,-0.13,0.03,0.72,-0.26
159,-1.29,0.78,4.04,1.64,-0.54,-0.47,-0.13,0.03,0.72,-0.63,1.56
160,0.78,4.04,1.64,-0.54,0.27,-0.13,0.03,0.72,-0.63,-0.25,-1.29
161,4.04,1.64,-0.54,0.27,-1.88,0.03,0.72,-0.63,-0.25,-0.78,0.78
162,1.64,-0.54,0.27,-1.88,0.27,0.72,-0.63,-0.25,-0.78,0.85,4.04
163,-0.54,0.27,-1.88,0.27,0.81,-0.63,-0.25,-0.78,0.85,0.62,1.64
164,0.27,-1.88,0.27,0.81,-1.86,-0.25,-0.78,0.85,0.62,-0.64,-0.54
165,-1.88,0.27,0.81,-1.86,3.3,-0.78,0.85,0.62,-0.64,0.16,0.27
166,0.27,0.81,-1.86,3.3,-0.55,0.85,0.62,-0.64,0.16,-0.33,-1.88
167,0.81,-1.86,3.3,-0.55,2.81,0.62,-0.64,0.16,-0.33,0.17,0.27
168,-1.86,3.3,-0.55,2.81,-1.93,-0.64,0.16,-0.33,0.17,-1.83,0.81
169,3.3,-0.55,2.81,-1.93,-1.36,0.16,-0.33,0.17,-1.83,-0.49,-1.86
170,-0.55,2.81,-1.93,-1.36,2.22,-0.33,0.17,-1.83,-0.49,0.0,3.3
171,2.81,-1.93,-1.36,2.22,-0.28,0.17,-1.83,-0.49,0.0,-0.43,-0.55
172,-1.93,-1.36,2.22,-0.28,0.28,-1.83,-0.49,0.0,-0.43,0.54,2.81
173,-1.36,2.22,-0.28,0.28,0.28,-0.49,0.0,-0.43,0.54,0.58,-1.93
174,2.22,-0.28,0.28,0.28,0.56,0.0,-0.43,0.54,0.58,0.99,-1.36
175,-0.28,0.28,0.28,0.56,-1.92,-0.43,0.54,0.58,0.99,-0.35,2.22
176,0.28,0.28,0.56,-1.92,-0.55,0.54,0.58,0.99,-0.35,-0.5,-0.28
177,0.28,0.56,-1.92,-0.55,-2.14,0.58,0.99,-0.35,-0.5,-0.87,0.28
178,0.56,-1.92,-0.55,-2.14,1.08,0.99,-0.35,-0.5,-0.87,0.85,0.28
179,-1.92,-0.55,-2.14,1.08,-0.27,-0.35,-0.5,-0.87,0.85,0.48,0.56
180,-0.55,-2.14,1.08,-0.27,-1.07,-0.5,-0.87,0.85,0.48,-0.02,-1.92
181,-2.14,1.08,-0.27,-1.07,2.46,-0.87,0.85,0.48,-0.02,-0.43,-0.55
182,1.08,-0.27,-1.07,2.46,1.67,0.85,0.48,-0.02,-0.43,0.5,-2.14
183,-0.27,-1.07,2.46,1.67,-1.1,0.48,-0.02,-0.43,0.5,0.05,1.08
184,-1.07,2.46,1.67,-1.1,-1.62,-0.02,-0.43,0.5,0.05,-1.32,-0.27
185,2.46,1.67,-1.1,-1.62,-0.54,-0.43,0.5,0.05,-1.32,-0.05,-1.07
186,1.67,-1.1,-1.62,-0.54,-0.53,0.5,0.05,-1.32,-0.05,-0.41,2.46
187,-1.1,-1.62,-0.54,-0.53,-1.58,0.05,-1.32,-0.05,-0.41,-0.56,1.67
188,-1.62,-0.54,-0.53,-1.58,1.06,-1.32,-0.05,-0.41,-0.56,1.15,-1.1
189,-0.54,-0.53,-1.58,1.06,-0.27,-0.05,-0.41,-0.56,1.15,0.88,-1.62
190,-0.53,-1.58,1.06,-0.27,0.53,-0.41,-0.56,1.15,0.88,0.78,-0.54
191,-1.58,1.06,-0.27,0.53,0.0,-0.56,1.15,0.88,0.78,0.39,-0.53
192,1.06,-0.27,0.53,0.0,0.0,1.15,0.88,0.78,0.39,0.29,-1.58
193,-0.27,0.53,0.0,0.0,-0.27,0.88,0.78,0.39,0.29,-0.92,1.06
194,0.53,0.0,0.0,-0.27,1.35,0.78,0.39,0.29,-0.92,0.11,-0.27
195,0.0,0.0,-0.27,1.35,-1.59,0.39,0.29,-0.92,0.11,-0.89,0.53
196,0.0,-0.27,1.35,-1.59,-3.33,0.29,-0.92,0.11,-0.89,-1.0,0.0
197,-0.27,1.35,-1.59,-3.33,0.0,-0.92,0.11,-0.89,-1.0,0.28,0.0
198,1.35,-1.59,-3.33,0.0,-1.02,0.11,-0.89,-1.0,0.28,-0.98,-0.27
199,-1.59,-3.33,0.0,-1.02,-0.25,-0.89,-1.0,0.28,-0.98,0.24,1.35
200,-3.33,0.0,-1.02,-0.25,1.54,-1.0,0.28,-0.98,0.24,0.46,-1.59
201,0.0,-1.02,-0.25,1.54,-0.51,0.28,-0.98,0.24,0.46,0.25,-3.33
202,-1.02,-0.25,1.54,-0.51,-2.98,-0.98,0.24,0.46,0.25,-1.74,0.0
203,-0.25,1.54,-0.51,-2.98,0.0,0.24,0.46,0.25,-1.74,-0.02,-1.02
204,1.54,-0.51,-2.98,0.0,-0.49,0.46,0.25,-1.74,-0.02,0.75,-0.25
205,-0.51,-2.98,0.0,-0.49,1.0,0.25,-1.74,-0.02,0.75,-0.41,1.54
206,-2.98,0.0,-0.49,1.0,-2.2,-1.74,-0.02,0.75,-0.41,-0.12,-0.51
207,0.0,-0.49,1.0,-2.2,4.86,-0.02,0.75,-0.41,-0.12,0.84,-2.98
208,-0.49,1.0,-2.2,4.86,1.82,0.75,-0.41,-0.12,0.84,0.46,0.0
209,1.0,-2.2,4.86,1.82,2.67,-0.41,-0.12,0.84,0.46,0.96,-0.49
210,-2.2,4.86,1.82,2.67,0.0,-0.12,0.84,0.46,0.96,0.93,1.0
211,4.86,1.82,2.67,0.0,0.54,0.84,0.46,0.96,0.93,0.21,-2.2
212,1.82,2.67,0.0,0.54,1.64,0.46,0.96,0.93,0.21,1.31,4.86
213,2.67,0.0,0.54,1.64,-1.61,0.96,0.93,0.21,1.31,-0.16,1.82
214,0.0,0.54,1.64,-1.61,-1.59,0.93,0.21,1.31,-0.16,-0.1,2.67
215,0.54,1.64,-1.61,-1.59,-1.82,0.21,1.31,-0.16,-0.1,-0.29,0.0
216,1.64,-1.61,-1.59,-1.82,-0.77,1.31,-0.16,-0.1,-0.29,1.35,0.54
217,-1.61,-1.59,-1.82,-0.77,-2.27,-0.16,-0.1,-0.29,1.35,-1.17,1.64
218,-1.59,-1.82,-0.77,-2.27,-0.25,-0.1,-0.29,1.35,-1.17,0.49,-1.61
219,-1.82,-0.77,-2.27,-0.25,2.84,-0.29,1.35,-1.17,0.49,0.11,-1.59
220,-0.77,-2.27,-0.25,2.84,-0.77,1.35,-1.17,0.49,0.11,0.01,-1.82
221,-2.27,-0.25,2.84,-0.77,-0.76,-1.17,0.49,0.11,0.01,-0.11,-0.77
222,-0.25,2.84,-0.77,-0.76,2.88,0.49,0.11,0.01,-0.11,2.1,-2.27
223,2.84,-0.77,-0.76,2.88,-0.78,0.11,0.01,-0.11,2.1,0.29,-0.25
224,-0.77,-0.76,2.88,-0.78,-0.26,0.01,-0.11,2.1,0.29,0.25,2.84
225,-0.76,2.88,-0.78,-0.26,1.58,-0.11,2.1,0.29,0.25,0.42,-0.77
226,2.88,-0.78,-0.26,1.58,-1.3,2.1,0.29,0.25,0.42,-0.63,-0.76
227,-0.78,-0.26,1.58,-1.3,3.49,0.29,0.25,0.42,-0.63,1.45,2.88
228,-0.26,1.58,-1.3,3.49,-2.87,0.25,0.42,-0.63,1.45,-0.71,-0.78
229,1.58,-1.3,3.49,-2.87,3.23,0.42,-0.63,1.45,-0.71,0.93,-0.26
230,-1.3,3.49,-2.87,3.23,-1.33,-0.63,1.45,-0.71,0.93,-0.32,1.58
231,3.49,-2.87,3.23,-1.33,-1.83,1.45,-0.71,0.93,-0.32,-1.56,-1.3
232,-2.87,3.23,-1.33,-1.83,-2.54,-0.71,0.93,-0.32,-1.56,-1.62,3.49
233,3.23,-1.33,-1.83,-2.54,-2.72,0.93,-0.32,-1.56,-1.62,-1.41,-2.87
234,-1.33,-1.83,-2.54,-2.72,-0.25,-0.32,-1.56,-1.62,-1.41,-0.81,3.23
235,-1.83,-2.54,-2.72,-0.25,-1.94,-1.56,-1.62,-1.41,-0.81,-0.67,-1.33
236,-2.54,-2.72,-0.25,-1.94,-3.95,-1.62,-1.41,-0.81,-0.67,0.39,-1.83
237,-2.72,-0.25,-1.94,-3.95,2.38,-1.41,-0.81,-0.67,0.39,-0.12,-2.54
238,-0.25,-1.94,-3.95,2.38,-2.1,-0.81,-0.67,0.39,-0.12,0.24,-2.72
239,-1.94,-3.95,2.38,-2.1,5.41,-0.67,0.39,-0.12,0.24,0.48,-0.25
240,-3.95,2.38,-2.1,5.41,1.75,0.39,-0.12,0.24,0.48,0.8,-1.94
241,2.38,-2.1,5.41,1.75,-0.25,-0.12,0.24,0.48,0.8,0.45,-3.95
242,-2.1,5.41,1.75,-0.25,-0.5,0.24,0.48,0.8,0.45,-1.27,2.38
243,5.41,1.75,-0.25,-0.5,-0.98,0.48,0.8,0.45,-1.27,0.79,-2.1
244,1.75,-0.25,-0.5,-0.98,-0.97,0.8,0.45,-1.27,0.79,-1.04,5.41
245,-0.25,-0.5,-0.98,-0.97,3.79,0.45,-1.27,0.79,-1.04,-0.2,1.75
246,-0.5,-0.98,-0.97,3.79,4.76,-1.27,0.79,-1.04,-0.2,-0.16,-0.25
247,-0.98,-0.97,3.79,4.76,1.34,0.79,-1.04,-0.2,-0.16,0.4,-0.5
248,-0.97,3.79,4.76,1.34,2.19,-1.04,-0.2,-0.16,0.4,0.44,-0.98
249,3.79,4.76,1.34,2.19,-0.82,-0.2,-0.16,0.4,0.44,0.08,-0.97
250,4.76,1.34,2.19,-0.82,3.08,-0.16,0.4,0.44,0.08,-0.44,3.79
251,1.34,2.19,-0.82,3.08,1.42,0.4,0.44,0.08,-0.44,-0.18,4.76
252,2.19,-0.82,3.08,1.42,-3.56,0.44,0.08,-0.44,-0.18,-2.58,1.34
253,-0.82,3.08,1.42,-3.56,0.27,0.08,-0.44,-0.18,-2.58,0.19,2.19
254,3.08,1.42,-3.56,0.27,-1.62,-0.44,-0.18,-2.58,0.19,-0.33,-0.82
255,1.42,-3.56,0.27,-1.62,-1.33,-0.18,-2.58,0.19,-0.33,-0.94,3.08
256,-3.56,0.27,-1.62,-1.33,-0.79,-2.58,0.19,-0.33,-0.94,-0.03,1.42
257,0.27,-1.62,-1.33,-0.79,-1.45,0.19,-0.33,-0.94,-0.03,-0.99,-3.56
258,-1.62,-1.33,-0.79,-1.45,-0.29,-0.33,-0.94,-0.03,-0.99,0.05,0.27
259,-1.33,-0.79,-1.45,-0.29,-1.15,-0.94,-0.03,-0.99,0.05,-0.56,-1.62
260,-0.79,-1.45,-0.29,-1.15,2.95,-0.03,-0.99,0.05,-0.56,2.58,-1.33
261,-1.45,-0.29,-1.15,2.95,2.11,-0.99,0.05,-0.56,2.58,0.86,-0.79
262,-0.29,-1.15,2.95,2.11,-1.78,0.05,-0.56,2.58,0.86,-1.17,-1.45
263,-1.15,2.95,2.11,-1.78,0.3,-0.56,2.58,0.86,-1.17,-0.03,-0.29
264,2.95,2.11,-1.78,0.3,-2.03,2.58,0.86,-1.17,-0.03,-0.96,-1.15
265,2.11,-1.78,0.3,-2.03,0.0,0.86,-1.17,-0.03,-0.96,-0.3,2.95
266,-1.78,0.3,-2.03,0.0,-0.86,-1.17,-0.03,-0.96,-0.3,-0.24,2.11
267,0.3,-2.03,0.0,-0.86,1.45,-0.03,-0.96,-0.3,-0.24,-0.31,-1.78
268,-2.03,0.0,-0.86,1.45,-0.86,-0.96,-0.3,-0.24,-0.31,0.16,0.3
269,0.0,-0.86,1.45,-0.86,-1.14,-0.3,-0.24,-0.31,0.16,0.61,-2.03
270,-0.86,1.45,-0.86,-1.14,4.14,-0.24,-0.31,0.16,0.61,1.38,0.0
271,1.45,-0.86,-1.14,4.14,-0.59,-0.31,0.16,0.61,1.38,0.02,-0.86
272,-0.86,-1.14,4.14,-0.59,-2.58,0.16,0.61,1.38,0.02,-1.36,1.45
273,-1.14,4.14,-0.59,-2.58,0.58,0.61,1.38,0.02,-1.36,-0.49,-0.86
274,4.14,-0.59,-2.58,0.58,2.36,1.38,0.02,-1.36,-0.49,1.23,-1.14
275,-0.59,-2.58,0.58,2.36,2.11,0.02,-1.36,-0.49,1.23,-0.41,4.14
276,-2.58,0.58,2.36,2.11,-2.92,-1.36,-0.49,1.23,-0.41,-2.48,-0.59
277,0.58,2.36,2.11,-2.92,0.0,-0.49,1.23,-0.41,-2.48,0.58,-2.58
278,2.36,2.11,-2.92,0.0,0.88,1.23,-0.41,-2.48,0.58,1.91,0.58
279,2.11,-2.92,0.0,0.88,-0.88,-0.41,-2.48,0.58,1.91,-0.69,2.36
280,-2.92,0.0,0.88,-0.88,-2.29,-2.48,0.58,1.91,-0.69,-1.21,2.11
281,0.0,0.88,-0.88,-2.29,2.34,0.58,1.91,-0.69,-1.21,3.1,-2.92
282,0.88,-0.88,-2.29,2.34,-0.87,1.91,-0.69,-1.21,3.1,-1.48,0.0
283,-0.88,-2.29,2.34,-0.87,2.07,-0.69,-1.21,3.1,-1.48,-1.12,0.88
284,-2.29,2.34,-0.87,2.07,1.81,-1.21,3.1,-1.48,-1.12,0.69,-0.88
285,2.34,-0.87,2.07,1.81,-7.78,3.1,-1.48,-1.12,0.69,-5.58,-2.29
286,-0.87,2.07,1.81,-7.78,0.84,-1.48,-1.12,0.69,-5.58,0.52,2.34
287,2.07,1.81,-7.78,0.84,-6.54,-1.12,0.69,-5.58,0.52,-0.77,-0.87
288,1.81,-7.78,0.84,-6.54,-1.29,0.69,-5.58,0.52,-0.77,-1.2,2.07
289,-7.78,0.84,-6.54,-1.29,-5.15,-5.58,0.52,-0.77,-1.2,-2.43,1.81
290,0.84,-6.54,-1.29,-5.15,5.7,0.52,-0.77,-1.2,-2.43,0.09,-7.78
291,-6.54,-1.29,-5.15,5.7,-2.28,-0.77,-1.2,-2.43,0.09,-0.51,0.84
292,-1.29,-5.15,5.7,-2.28,0.0,-1.2,-2.43,0.09,-0.51,-1.7,-6.54
293,-5.15,5.7,-2.28,0.0,0.0,-2.43,0.09,-0.51,-1.7,0.63,-1.29
294,5.7,-2.28,0.0,0.0,-1.0,0.09,-0.51,-1.7,0.63,-0.4,-5.15
295,-2.28,0.0,0.0,-1.0,2.57,-0.51,-1.7,0.63,-0.4,0.29,5.7
296,0.0,0.0,-1.0,2.57,1.57,-1.7,0.63,-0.4,0.29,2.39,-2.28
297,0.0,-1.0,2.57,1.57,0.0,0.63,-0.4,0.29,2.39,-0.34,0.0
298,-1.0,2.57,1.57,0.0,-0.26,-0.4,0.29,2.39,-0.34,-0.04,0.0
299,2.57,1.57,0.0,-0.26,-2.04,0.29,2.39,-0.34,-0.04,-1.6,-1.0
300,1.57,0.0,-0.26,-2.04,1.03,2.39,-0.34,-0.04,-1.6,0.07,2.57
301,0.0,-0.26,-2.04,1.03,0.0,-0.34,-0.04,-1.6,0.07,-0.16,1.57
302,-0.26,-2.04,1.03,0.0,-2.51,-0.04,-1.6,0.07,-0.16,-0.05,0.0
303,-2.04,1.03,0.0,-2.51,0.25,-1.6,0.07,-0.16,-0.05,0.94,-0.26
304,1.03,0.0,-2.51,0.25,0.0,0.07,-0.16,-0.05,0.94,1.24,-2.04
305,0.0,-2.51,0.25,0.0,-1.0,-0.16,-0.05,0.94,1.24,0.2,1.03
306,-2.51,0.25,0.0,-1.0,2.82,-0.05,0.94,1.24,0.2,2.58,0.0
307,0.25,0.0,-1.0,2.82,2.09,0.94,1.24,0.2,2.58,3.2,-2.51
308,0.0,-1.0,2.82,2.09,0.53,1.24,0.2,2.58,3.2,-0.92,0.25
309,-1.0,2.82,2.09,0.53,-1.3,0.2,2.58,3.2,-0.92,0.85,0.0
310,2.82,2.09,0.53,-1.3,-4.94,2.58,3.2,-0.92,0.85,-1.51,-1.0
311,2.09,0.53,-1.3,-4.94,-0.49,3.2,-0.92,0.85,-1.51,-1.97,2.82
312,0.53,-1.3,-4.94,-0.49,3.56,-0.92,0.85,-1.51,-1.97,0.09,2.09
313,-1.3,-4.94,-0.49,3.56,0.51,0.85,-1.51,-1.97,0.09,0.35,0.53
314,-4.94,-0.49,3.56,0.51,-1.01,-1.51,-1.97,0.09,0.35,-0.01,-1.3
315,-0.49,3.56,0.51,-1.01,2.07,-1.97,0.09,0.35,-0.01,-0.18,-4.94
316,3.56,0.51,-1.01,2.07,1.31,0.09,0.35,-0.01,-0.18,2.47,-0.49
317,0.51,-1.01,2.07,1.31,0.26,0.35,-0.01,-0.18,2.47,1.04,3.56
318,-1.01,2.07,1.31,0.26,-3.05,-0.01,-0.18,2.47,1.04,-1.2,0.51
319,2.07,1.31,0.26,-3.05,-4.61,-0.18,2.47,1.04,-1.2,-1.09,-1.01
320,1.31,0.26,-3.05,-4.61,-0.48,2.47,1.04,-1.2,-1.09,1.1,2.07
321,0.26,-3.05,-4.61,-0.48,2.99,1.04,-1.2,-1.09,1.1,1.92,1.31
322,-3.05,-4.61,-0.48,2.99,-4.29,-1.2,-1.09,1.1,1.92,-4.4,0.26
323,-4.61,-0.48,2.99,-4.29,-2.33,-1.09,1.1,1.92,-4.4,0.14,-3.05
324,-0.48,2.99,-4.29,-2.33,-2.71,1.1,1.92,-4.4,0.14,1.57,-4.61
325,2.99,-4.29,-2.33,-2.71,2.31,1.92,-4.4,0.14,1.57,0.88,-0.48
326,-4.29,-2.33,-2.71,2.31,0.93,-4.4,0.14,1.57,0.88,1.12,2.99
327,-2.33,-2.71,2.31,0.93,5.16,0.14,1.57,0.88,1.12,1.8,-4.29
328,-2.71,2.31,0.93,5.16,-1.69,1.57,0.88,1.12,1.8,-0.44,-2.33
329,2.31,0.93,5.16,-1.69,-5.91,0.88,1.12,1.8,-0.44,0.42,-2.71
330,0.93,5.16,-1.69,-5.91,5.01,1.12,1.8,-0.44,0.42,-0.67,2.31
331,5.16,-1.69,-5.91,5.01,9.97,1.8,-0.44,0.42,-0.67,5.6,0.93
332,-1.69,-5.91,5.01,9.97,1.6,-0.44,0.42,-0.67,5.6,1.91,5.16
333,-5.91,5.01,9.97,1.6,-2.09,0.42,-0.67,5.6,1.91,-0.34,-1.69
334,5.01,9.97,1.6,-2.09,1.86,-0.67,5.6,1.91,-0.34,0.2,-5.91
335,9.97,1.6,-2.09,1.86,-0.53,5.6,1.91,-0.34,0.2,0.05,5.01
336,1.6,-2.09,1.86,-0.53,5.59,1.91,-0.34,0.2,0.05,2.68,9.97
337,-2.09,1.86,-0.53,5.59,1.42,-0.34,0.2,0.05,2.68,-1.37,1.6
338,1.86,-0.53,5.59,1.42,6.65,0.2,0.05,2.68,-1.37,-0.05,-2.09
339,-0.53,5.59,1.42,6.65,9.97,0.05,2.68,-1.37,-0.05,1.84,1.86
340,5.59,1.42,6.65,9.97,9.85,2.68,-1.37,-0.05,1.84,0.68,-0.53
341,1.42,6.65,9.97,9.85,4.58,-1.37,-0.05,1.84,0.68,1.36,5.59
342,6.65,9.97,9.85,4.58,2.34,-0.05,1.84,0.68,1.36,1.3,1.42
343,9.97,9.85,4.58,2.34,-1.54,1.84,0.68,1.36,1.3,0.35,6.65
344,9.85,4.58,2.34,-1.54,-0.76,0.68,1.36,1.3,0.35,-0.72,9.97
345,4.58,2.34,-1.54,-0.76,-1.13,1.36,1.3,0.35,-0.72,-0.1,9.85
346,2.34,-1.54,-0.76,-1.13,0.38,1.3,0.35,-0.72,-0.1,-0.18,4.58
347,-1.54,-0.76,-1.13,0.38,-0.38,0.35,-0.72,-0.1,-0.18,0.39,2.34
348,-0.76,-1.13,0.38,-0.38,0.0,-0.72,-0.1,-0.18,0.39,0.41,-1.54
349,-1.13,0.38,-0.38,0.0,-0.38,-0.1,-0.18,0.39,0.41,0.05,-0.76
350,0.38,-0.38,0.0,-0.38,-1.85,-0.18,0.39,0.41,0.05,-1.18,-1.13
351,-0.38,0.0,-0.38,-1.85,0.37,0.39,0.41,0.05,-1.18,0.56,0.38
352,0.0,-0.38,-1.85,0.37,1.12,0.41,0.05,-1.18,0.56,1.42,-0.38
353,-0.38,-1.85,0.37,1.12,0.0,0.05,-1.18,0.56,1.42,-0.42,0.0
354,-1.85,0.37,1.12,0.0,-1.48,-1.18,0.56,1.42,-0.42,0.0,-0.38
355,0.37,1.12,0.0,-1.48,0.0,0.56,1.42,-0.42,0.0,1.36,-1.85
356,1.12,0.0,-1.48,0.0,-1.9,1.42,-0.42,0.0,1.36,-1.15,0.37
357,0.0,-1.48,0.0,-1.9,0.0,-0.42,0.0,1.36,-1.15,0.44,1.12
358,-1.48,0.0,-1.9,0.0,0.0,0.0,1.36,-1.15,0.44,-0.61,0.0
359,0.0,-1.9,0.0,0.0,1.94,1.36,-1.15,0.44,-0.61,-0.26,-1.48
360,-1.9,0.0,0.0,1.94,0.77,-1.15,0.44,-0.61,-0.26,0.43,0.0
361,0.0,0.0,1.94,0.77,-0.37,0.44,-0.61,-0.26,0.43,-0.79,-1.9
362,0.0,1.94,0.77,-0.37,-0.74,-0.61,-0.26,0.43,-0.79,-0.52,0.0
363,1.94,0.77,-0.37,-0.74,-0.74,-0.26,0.43,-0.79,-0.52,-1.05,0.0
364,0.77,-0.37,-0.74,-0.74,-0.37,0.43,-0.79,-0.52,-1.05,-0.82,1.94
365,-0.37,-0.74,-0.74,-0.37,1.46,-0.79,-0.52,-1.05,-0.82,0.16,0.77
366,-0.74,-0.74,-0.37,1.46,0.0,-0.52,-1.05,-0.82,0.16,1.23,-0.37
367,-0.74,-0.37,1.46,0.0,0.74,-1.05,-0.82,0.16,1.23,0.31,-0.74
368,-0.37,1.46,0.0,0.74,-1.09,-0.82,0.16,1.23,0.31,0.37,-0.74
369,1.46,0.0,0.74,-1.09,0.36,0.16,1.23,0.31,0.37,-0.82,-0.37
370,0.0,0.74,-1.09,0.36,-2.14,1.23,0.31,0.37,-0.82,0.03,1.46
371,0.74,-1.09,0.36,-2.14,-1.41,0.31,0.37,-0.82,0.03,-1.68,0.0
372,-1.09,0.36,-2.14,-1.41,-0.35,0.37,-0.82,0.03,-1.68,-0.61,0.74
373,0.36,-2.14,-1.41,-0.35,2.52,-0.82,0.03,-1.68,-0.61,0.42,-1.09
374,-2.14,-1.41,-0.35,2.52,1.09,0.03,-1.68,-0.61,0.42,2.57,0.36
375,-1.41,-0.35,2.52,1.09,-2.83,-1.68,-0.61,0.42,2.57,0.81,-2.14
376,-0.35,2.52,1.09,-2.83,3.66,-0.61,0.42,2.57,0.81,-1.32,-1.41
377,2.52,1.09,-2.83,3.66,0.74,0.42,2.57,0.81,-1.32,1.05,-0.35
378,1.09,-2.83,3.66,0.74,0.0,2.57,0.81,-1.32,1.05,-0.04,2.52
379,-2.83,3.66,0.74,0.0,-3.21,0.81,-1.32,1.05,-0.04,-0.14,1.09
380,3.66,0.74,0.0,-3.21,-0.71,-1.32,1.05,-0.04,-0.14,-2.49,-2.83
381,0.74,0.0,-3.21,-0.71,0.0,1.05,-0.04,-0.14,-2.49,-0.23,3.66
382,0.0,-3.21,-0.71,0.0,-3.42,-0.04,-0.14,-2.49,-0.23,0.21,0.74
383,-3.21,-0.71,0.0,-3.42,-0.68,-0.14,-2.49,-0.23,0.21,-2.13,0.0
384,-0.71,0.0,-3.42,-0.68,0.34,-2.49,-0.23,0.21,-2.13,0.91,-3.21
385,0.0,-3.42,-0.68,0.34,1.38,-0.23,0.21,-2.13,0.91,0.41,-0.71
386,-3.42,-0.68,0.34,1.38,-1.7,0.21,-2.13,0.91,0.41,1.36,0.0
387,-0.68,0.34,1.38,-1.7,1.38,-2.13,0.91,0.41,1.36,-0.85,-3.42
388,0.34,1.38,-1.7,1.38,3.94,0.91,0.41,1.36,-0.85,0.93,-0.68
389,1.38,-1.7,1.38,3.94,-1.06,0.41,1.36,-0.85,0.93,1.22,0.34
390,-1.7,1.38,3.94,-1.06,-0.7,1.36,-0.85,0.93,1.22,-1.39,1.38
391,1.38,3.94,-1.06,-0.7,-1.39,-0.85,0.93,1.22,-1.39,-0.22,-1.7
392,3.94,-1.06,-0.7,-1.39,1.05,0.93,1.22,-1.39,-0.22,-0.68,1.38
393,-1.06,-0.7,-1.39,1.05,-1.38,1.22,-1.39,-0.22,-0.68,-0.23,3.94
394,-0.7,-1.39,1.05,-1.38,2.48,-1.39,-0.22,-0.68,-0.23,-0.41,-1.06
395,-1.39,1.05,-1.38,2.48,2.55,-0.22,-0.68,-0.23,-0.41,2.7,-0.7
396,1.05,-1.38,2.48,2.55,1.85,-0.68,-0.23,-0.41,2.7,0.13,-1.39
397,-1.38,2.48,2.55,1.85,-2.53,-0.23,-0.41,2.7,0.13,1.35,1.05
398,2.48,2.55,1.85,-2.53,-0.72,-0.41,2.7,0.13,1.35,1.02,-1.38
399,2.55,1.85,-2.53,-0.72,0.36,2.7,0.13,1.35,1.02,-2.18,2.48
400,1.85,-2.53,-0.72,0.36,-0.36,0.13,1.35,1.02,-2.18,-0.19,2.55
401,-2.53,-0.72,0.36,-0.36,-0.36,1.35,1.02,-2.18,-0.19,0.02,1.85
402,-0.72,0.36,-0.36,-0.36,-2.78,1.02,-2.18,-0.19,0.02,0.33,-2.53
403,0.36,-0.36,-0.36,-2.78,5.88,-2.18,-0.19,0.02,0.33,-2.26,-0.72
404,-0.36,-0.36,-2.78,5.88,2.64,-0.19,0.02,0.33,-2.26,4.09,0.36
405,-0.36,-2.78,5.88,2.64,-2.21,0.02,0.33,-2.26,4.09,2.58,-0.36
406,-2.78,5.88,2.64,-2.21,3.44,0.33,-2.26,4.09,2.58,-2.94,-0.36
407,5.88,2.64,-2.21,3.44,-1.87,-2.26,4.09,2.58,-2.94,0.6,-2.78
408,2.64,-2.21,3.44,-1.87,-0.74,4.09,2.58,-2.94,0.6,-0.85,5.88
409,-2.21,3.44,-1.87,-0.74,-1.47,2.58,-2.94,0.6,-0.85,-1.49,2.64
410,3.44,-1.87,-0.74,-1.47,-9.3,-2.94,0.6,-0.85,-1.49,0.91,-2.21
411,-1.87,-0.74,-1.47,-9.3,-0.66,0.6,-0.85,-1.49,0.91,-5.22,3.44
412,-0.74,-1.47,-9.3,-0.66,0.33,-0.85,-1.49,0.91,-5.22,0.18,-1.87
413,-1.47,-9.3,-0.66,0.33,-4.13,-1.49,0.91,-5.22,0.18,0.17,-0.74
414,-9.3,-0.66,0.33,-4.13,0.64,0.91,-5.22,0.18,0.17,-3.72,-1.47
415,-0.66,0.33,-4.13,0.64,-2.19,-5.22,0.18,0.17,-3.72,1.06,-9.3
416,0.33,-4.13,0.64,-2.19,0.31,0.18,0.17,-3.72,1.06,-0.54,-0.66
417,-4.13,0.64,-2.19,0.31,-1.54,0.17,-3.72,1.06,-0.54,0.92,0.33
418,0.64,-2.19,0.31,-1.54,2.86,-3.72,1.06,-0.54,0.92,-0.58,-4.13
419,-2.19,0.31,-1.54,2.86,-0.32,1.06,-0.54,0.92,-0.58,2.5,0.64
420,0.31,-1.54,2.86,-0.32,0.96,-0.54,0.92,-0.58,2.5,-0.06,-2.19
421,-1.54,2.86,-0.32,0.96,1.62,0.92,-0.58,2.5,-0.06,1.14,0.31
422,2.86,-0.32,0.96,1.62,-4.35,-0.58,2.5,-0.06,1.14,1.82,-1.54
423,-0.32,0.96,1.62,-4.35,-0.62,2.5,-0.06,1.14,1.82,-1.11,2.86
424,0.96,1.62,-4.35,-0.62,0.31,-0.06,1.14,1.82,-1.11,-0.18,-0.32
425,1.62,-4.35,-0.62,0.31,-0.31,1.14,1.82,-1.11,-0.18,1.15,0.96
426,-4.35,-0.62,0.31,-0.31,0.93,1.82,-1.11,-0.18,1.15,-0.33,1.62
427,-0.62,0.31,-0.31,0.93,-3.02,-1.11,-0.18,1.15,-0.33,-0.18,-4.35
428,0.31,-0.31,0.93,-3.02,-0.6,-0.18,1.15,-0.33,-0.18,-1.21,-0.62
429,-0.31,0.93,-3.02,-0.6,-0.3,1.15,-0.33,-0.18,-1.21,0.4,0.31
430,0.93,-3.02,-0.6,-0.3,-2.05,-0.33,-0.18,-1.21,0.4,-0.47,-0.31
431,-3.02,-0.6,-0.3,-2.05,0.89,-0.18,-1.21,0.4,-0.47,-1.68,0.93
432,-0.6,-0.3,-2.05,0.89,-0.88,-1.21,0.4,-0.47,-1.68,1.1,-3.02
433,-0.3,-2.05,0.89,-0.88,-0.29,0.4,-0.47,-1.68,1.1,-0.17,-0.6
434,-2.05,0.89,-0.88,-0.29,-4.47,-0.47,-1.68,1.1,-0.17,-0.46,-0.3
435,0.89,-0.88,-0.29,-4.47,-2.98,-1.68,1.1,-0.17,-0.46,-1.14,-2.05
436,-0.88,-0.29,-4.47,-2.98,-0.81,1.1,-0.17,-0.46,-1.14,-0.31,0.89
437,-0.29,-4.47,-2.98,-0.81,5.08,-0.17,-0.46,-1.14,-0.31,-0.1,-0.88
438,-4.47,-2.98,-0.81,5.08,-0.56,-0.46,-1.14,-0.31,-0.1,1.89,-0.29
439,-2.98,-0.81,5.08,-0.56,1.42,-1.14,-0.31,-0.1,1.89,0.18,-4.47
440,-0.81,5.08,-0.56,1.42,-1.68,-0.31,-0.1,1.89,0.18,0.37,-2.98
441,5.08,-0.56,1.42,-1.68,0.56,-0.1,1.89,0.18,0.37,-0.7,-0.81
442,-0.56,1.42,-1.68,0.56,1.72,1.89,0.18,0.37,-0.7,1.31,5.08
443,1.42,-1.68,0.56,1.72,-0.85,0.18,0.37,-0.7,1.31,1.11,-0.56
444,-1.68,0.56,1.72,-0.85,-0.56,0.37,-0.7,1.31,1.11,-1.34,1.42
445,0.56,1.72,-0.85,-0.56,-2.21,-0.7,1.31,1.11,-1.34,-0.66,-1.68
446,1.72,-0.85,-0.56,-2.21,-1.09,1.31,1.11,-1.34,-0.66,-2.08,0.56
447,-0.85,-0.56,-2.21,-1.09,1.39,1.11,-1.34,-0.66,-2.08,-0.18,1.72
448,-0.56,-2.21,-1.09,1.39,0.0,-1.34,-0.66,-2.08,-0.18,-0.34,-0.85
449,-2.21,-1.09,1.39,0.0,3.74,-0.66,-2.08,-0.18,-0.34,0.03,-0.56
450,-1.09,1.39,0.0,3.74,-2.79,-2.08,-0.18,-0.34,0.03,1.83,-2.21
451,1.39,0.0,3.74,-2.79,3.17,-0.18,-0.34,0.03,1.83,-1.27,-1.09
452,0.0,3.74,-2.79,3.17,0.58,-0.34,0.03,1.83,-1.27,2.74,1.39
453,3.74,-2.79,3.17,0.58,-1.71,0.03,1.83,-1.27,2.74,-1.29,0.0
454,-2.79,3.17,0.58,-1.71,-2.23,1.83,-1.27,2.74,-1.29,-1.0,3.74
455,3.17,0.58,-1.71,-2.23,-4.52,-1.27,2.74,-1.29,-1.0,-2.0,-2.79
456,0.58,-1.71,-2.23,-4.52,0.53,2.74,-1.29,-1.0,-2.0,-1.8,3.17
457,-1.71,-2.23,-4.52,0.53,0.81,-1.29,-1.0,-2.0,-1.8,0.26,0.58
458,-2.23,-4.52,0.53,0.81,-0.8,-1.0,-2.0,-1.8,0.26,-0.16,-1.71
459,-4.52,0.53,0.81,-0.8,-1.32,-2.0,-1.8,0.26,-0.16,-0.3,-2.23
460,0.53,0.81,-0.8,-1.32,-0.79,-1.8,0.26,-0.16,-0.3,-0.74,-4.52
461,0.81,-0.8,-1.32,-0.79,5.23,0.26,-0.16,-0.3,-0.74,-0.07,0.53
462,-0.8,-1.32,-0.79,5.23,2.54,-0.16,-0.3,-0.74,-0.07,1.61,0.81
463,-1.32,-0.79,5.23,2.54,1.72,-0.3,-0.74,-0.07,1.61,1.07,-0.8
464,-0.79,5.23,2.54,1.72,-1.14,-0.74,-0.07,1.61,1.07,2.05,-1.32
465,5.23,2.54,1.72,-1.14,-1.12,-0.07,1.61,1.07,2.05,-0.53,-0.79
466,2.54,1.72,-1.14,-1.12,-0.84,1.61,1.07,2.05,-0.53,-0.39,5.23
467,1.72,-1.14,-1.12,-0.84,0.84,1.07,2.05,-0.53,-0.39,-0.57,2.54
468,-1.14,-1.12,-0.84,0.84,-1.39,2.05,-0.53,-0.39,-0.57,-0.61,1.72
469,-1.12,-0.84,0.84,-1.39,8.73,-0.53,-0.39,-0.57,-0.61,-0.23,-1.14
470,-0.84,0.84,-1.39,8.73,-3.49,-0.39,-0.57,-0.61,-0.23,2.16,-1.12
471,0.84,-1.39,8.73,-3.49,0.58,-0.57,-0.61,-0.23,2.16,-1.76,-0.84
472,-1.39,8.73,-3.49,0.58,3.01,-0.61,-0.23,2.16,-1.76,0.44,0.84
473,8.73,-3.49,0.58,3.01,0.61,-0.23,2.16,-1.76,0.44,2.47,-1.39
474,-3.49,0.58,3.01,0.61,-2.65,2.16,-1.76,0.44,2.47,0.49,8.73
475,0.58,3.01,0.61,-2.65,-2.87,-1.76,0.44,2.47,0.49,-0.91,-3.49
476,3.01,0.61,-2.65,-2.87,1.45,0.44,2.47,0.49,-0.91,-1.0,0.58
477,0.61,-2.65,-2.87,1.45,-2.82,2.47,0.49,-0.91,-1.0,0.41,3.01
478,-2.65,-2.87,1.45,-2.82,3.81,0.49,-0.91,-1.0,0.41,-2.52,0.61
479,-2.87,1.45,-2.82,3.81,0.89,-0.91,-1.0,0.41,-2.52,2.17,-2.65
480,1.45,-2.82,3.81,0.89,-2.31,-1.0,0.41,-2.52,2.17,-0.93,-2.87
481,-2.82,3.81,0.89,-2.31,2.67,0.41,-2.52,2.17,-0.93,-1.1,1.45
482,3.81,0.89,-2.31,2.67,-1.16,-2.52,2.17,-0.93,-1.1,-0.52,-2.82
483,0.89,-2.31,2.67,-1.16,1.17,2.17,-0.93,-1.1,-0.52,-1.05,3.81
484,-2.31,2.67,-1.16,1.17,-5.0,-0.93,-1.1,-0.52,-1.05,0.49,0.89
485,2.67,-1.16,1.17,-5.0,0.84,-1.1,-0.52,-1.05,0.49,-1.37,-2.31
486,-1.16,1.17,-5.0,0.84,-8.7,-0.52,-1.05,0.49,-1.37,0.27,2.67
487,1.17,-5.0,0.84,-8.7,-1.76,-1.05,0.49,-1.37,0.27,-3.78,-1.16
488,-5.0,0.84,-8.7,-1.76,-0.25,0.49,-1.37,0.27,-3.78,-0.73,1.17
489,0.84,-8.7,-1.76,-0.25,-1.72,-1.37,0.27,-3.78,-0.73,-0.18,-5.0
490,-8.7,-1.76,-0.25,-1.72,1.25,0.27,-3.78,-0.73,-0.18,-0.97,0.84
491,-1.76,-0.25,-1.72,1.25,-0.74,-3.78,-0.73,-0.18,-0.97,0.89,-8.7
492,-0.25,-1.72,1.25,-0.74,-2.18,-0.73,-0.18,-0.97,0.89,-0.47,-1.76
493,-1.72,1.25,-0.74,-2.18,-0.24,-0.18,-0.97,0.89,-0.47,-1.36,-0.25
494,1.25,-0.74,-2.18,-0.24,-1.19,-0.97,0.89,-0.47,-1.36,-0.18,-1.72
495,-0.74,-2.18,-0.24,-1.19,2.7,0.89,-0.47,-1.36,-0.18,0.03,1.25
496,-2.18,-0.24,-1.19,2.7,0.99,-0.47,-1.36,-0.18,0.03,0.74,-0.74
497,-0.24,-1.19,2.7,0.99,-1.94,-1.36,-0.18,0.03,0.74,0.52,-2.18
498,-1.19,2.7,0.99,-1.94,5.1,-0.18,0.03,0.74,0.52,-0.66,-0.24
499,2.7,0.99,-1.94,5.1,-3.92,0.03,0.74,0.52,-0.66,1.78,-1.19
500,0.99,-1.94,5.1,-3.92,0.74,0.74,0.52,-0.66,1.78,-2.53,2.7
501,-1.94,5.1,-3.92,0.74,-1.7,0.52,-0.66,1.78,-2.53,-0.47,0.99
502,5.1,-3.92,0.74,-1.7,-2.83,-0.66,1.78,-2.53,-0.47,-0.2,-1.94
503,-3.92,0.74,-1.7,-2.83,-0.93,1.78,-2.53,-0.47,-0.2,-0.42,5.1
504,0.74,-1.7,-2.83,-0.93,-2.51,-2.53,-0.47,-0.2,-0.42,-0.45,-3.92
505,-1.7,-2.83,-0.93,-2.51,-0.45,-0.47,-0.2,-0.42,-0.45,-1.41,0.74
506,-2.83,-0.93,-2.51,-0.45,1.61,-0.2,-0.42,-0.45,-1.41,0.02,-1.7
507,-0.93,-2.51,-0.45,1.61,-0.23,-0.42,-0.45,-1.41,0.02,0.64,-2.83
508,-2.51,-0.45,1.61,-0.23,-0.23,-0.45,-1.41,0.02,0.64,1.24,-0.93
509,-0.45,1.61,-0.23,-0.23,-2.02,-1.41,0.02,0.64,1.24,-0.48,-2.51
510,1.61,-0.23,-0.23,-2.02,-0.67,0.02,0.64,1.24,-0.48,-0.71,-0.45
511,-0.23,-0.23,-2.02,-0.67,1.36,0.64,1.24,-0.48,-0.71,0.57,1.61
512,-0.23,-2.02,-0.67,1.36,-1.56,1.24,-0.48,-0.71,0.57,0.34,-0.23
513,-2.02,-0.67,1.36,-1.56,-1.54,-0.48,-0.71,0.57,0.34,-0.35,-0.23
514,-0.67,1.36,-1.56,-1.54,-0.44,-0.71,0.57,0.34,-0.35,0.48,-2.02
515,1.36,-1.56,-1.54,-0.44,1.78,0.57,0.34,-0.35,0.48,-0.07,-0.67
516,-1.56,-1.54,-0.44,1.78,2.04,0.34,-0.35,0.48,-0.07,0.79,1.36
517,-1.54,-0.44,1.78,2.04,-1.78,-0.35,0.48,-0.07,0.79,1.48,-1.56
518,-0.44,1.78,2.04,-1.78,5.15,0.48,-0.07,0.79,1.48,-0.32,-1.54
519,1.78,2.04,-1.78,5.15,-1.16,-0.07,0.79,1.48,-0.32,0.64,-0.44
520,2.04,-1.78,5.15,-1.16,1.17,0.79,1.48,-0.32,0.64,-0.03,1.78
521,-1.78,5.15,-1.16,1.17,-4.9,1.48,-0.32,0.64,-0.03,0.23,2.04
522,5.15,-1.16,1.17,-4.9,-2.81,-0.32,0.64,-0.03,0.23,-1.38,-1.78
523,-1.16,1.17,-4.9,-2.81,-1.28,0.64,-0.03,0.23,-1.38,-0.35,5.15
524,1.17,-4.9,-2.81,-1.28,4.23,-0.03,0.23,-1.38,-0.35,1.99,-1.16
525,-4.9,-2.81,-1.28,4.23,-3.44,0.23,-1.38,-0.35,1.99,-0.11,1.17
526,-2.81,-1.28,4.23,-3.44,0.0,-1.38,-0.35,1.99,-0.11,-1.47,-4.9
527,-1.28,4.23,-3.44,0.0,-4.91,-0.35,1.99,-0.11,-1.47,0.84,-2.81
528,4.23,-3.44,0.0,-4.91,-3.74,1.99,-0.11,-1.47,0.84,0.8,-1.28
529,-3.44,0.0,-4.91,-3.74,-3.24,-0.11,-1.47,0.84,0.8,-1.41,4.23
530,0.0,-4.91,-3.74,-3.24,0.38,-1.47,0.84,0.8,-1.41,-1.53,-3.44
531,-4.91,-3.74,-3.24,0.38,-0.19,0.84,0.8,-1.41,-1.53,-0.66,0.0
532,-3.74,-3.24,0.38,-0.19,0.0,0.8,-1.41,-1.53,-0.66,-0.87,-4.91
533,-3.24,0.38,-0.19,0.0,2.75,-1.41,-1.53,-0.66,-0.87,0.56,-3.74
534,0.38,-0.19,0.0,2.75,-0.58,-1.53,-0.66,-0.87,0.56,1.66,-3.24
535,-0.19,0.0,2.75,-0.58,-0.97,-0.66,-0.87,0.56,1.66,0.23,0.38
536,0.0,2.75,-0.58,-0.97,-2.26,-0.87,0.56,1.66,0.23,-0.18,-0.19
537,2.75,-0.58,-0.97,-2.26,-0.38,0.56,1.66,0.23,-0.18,-0.84,0.0
538,-0.58,-0.97,-2.26,-0.38,-0.93,1.66,0.23,-0.18,-0.84,-0.18,2.75
539,-0.97,-2.26,-0.38,-0.93,0.56,0.23,-0.18,-0.84,-0.18,0.26,-0.58
540,-2.26,-0.38,-0.93,0.56,-2.91,-0.18,-0.84,-0.18,0.26,1.22,-0.97
541,-0.38,-0.93,0.56,-2.91,1.1,-0.84,-0.18,0.26,1.22,-1.4,-2.26
542,-0.93,0.56,-2.91,1.1,-0.37,-0.18,0.26,1.22,-1.4,1.05,-0.38
543,0.56,-2.91,1.1,-0.37,-3.87,0.26,1.22,-1.4,1.05,-0.6,-0.93
544,-2.91,1.1,-0.37,-3.87,-1.22,1.22,-1.4,1.05,-0.6,-3.39,0.56
545,1.1,-0.37,-3.87,-1.22,-0.17,-1.4,1.05,-0.6,-3.39,-0.53,-2.91
546,-0.37,-3.87,-1.22,-0.17,-1.2,1.05,-0.6,-3.39,-0.53,-0.29,1.1
547,-3.87,-1.22,-0.17,-1.2,0.69,-0.6,-3.39,-0.53,-0.29,0.35,-0.37
548,-1.22,-0.17,-1.2,0.69,-2.69,-3.39,-0.53,-0.29,0.35,0.29,-3.87
549,-0.17,-1.2,0.69,-2.69,0.0,-0.53,-0.29,0.35,0.29,-0.65,-1.22
550,-1.2,0.69,-2.69,0.0,-0.17,-0.29,0.35,0.29,-0.65,-0.01,-0.17
551,0.69,-2.69,0.0,-0.17,-1.65,0.35,0.29,-0.65,-0.01,-0.57,-1.2
552,-2.69,0.0,-0.17,-1.65,3.24,0.29,-0.65,-0.01,-0.57,-0.49,0.69
553,0.0,-0.17,-1.65,3.24,2.8,-0.65,-0.01,-0.57,-0.49,0.59,-2.69
554,-0.17,-1.65,3.24,2.8,0.71,-0.01,-0.57,-0.49,0.59,0.57,0.0
555,-1.65,3.24,2.8,0.71,-2.07,-0.57,-0.49,0.59,0.57,0.51,-0.17
556,3.24,2.8,0.71,-2.07,3.58,-0.49,0.59,0.57,0.51,-0.55,-1.65
557,2.8,0.71,-2.07,3.58,-0.18,0.59,0.57,0.51,-0.55,1.0,3.24
558,0.71,-2.07,3.58,-0.18,-1.75,0.57,0.51,-0.55,1.0,0.07,2.8
559,-2.07,3.58,-0.18,-1.75,0.71,0.51,-0.55,1.0,0.07,-0.59,0.71
560,3.58,-0.18,-1.75,0.71,-0.88,-0.55,1.0,0.07,-0.59,0.44,-2.07
561,-0.18,-1.75,0.71,-0.88,-1.38,1.0,0.07,-0.59,0.44,-0.99,3.58
562,-1.75,0.71,-0.88,-1.38,3.76,0.07,-0.59,0.44,-0.99,-1.13,-0.18
563,0.71,-0.88,-1.38,3.76,-1.41,-0.59,0.44,-0.99,-1.13,1.23,-1.75
564,-0.88,-1.38,3.76,-1.41,2.35,0.44,-0.99,-1.13,1.23,0.63,0.71
565,-1.38,3.76,-1.41,2.35,0.0,-0.99,-1.13,1.23,0.63,2.17,-0.88
566,3.76,-1.41,2.35,0.0,2.98,-1.13,1.23,0.63,2.17,0.45,-1.38
567,-1.41,2.35,0.0,2.98,3.47,1.23,0.63,2.17,0.45,0.98,3.76
568,2.35,0.0,2.98,3.47,-6.99,0.63,2.17,0.45,0.98,0.78,-1.41
569,0.0,2.98,3.47,-6.99,3.33,2.17,0.45,0.98,0.78,-4.05,2.35
570,2.98,3.47,-6.99,3.33,0.75,0.45,0.98,0.78,-4.05,-1.43,0.0
571,3.47,-6.99,3.33,0.75,-6.29,0.98,0.78,-4.05,-1.43,-1.82,2.98
572,-6.99,3.33,0.75,-6.29,0.7,0.78,-4.05,-1.43,-1.82,-3.35,3.47
573,3.33,0.75,-6.29,0.7,0.18,-4.05,-1.43,-1.82,-3.35,0.73,-6.99
574,0.75,-6.29,0.7,0.18,-6.74,-1.43,-1.82,-3.35,0.73,0.44,3.33
575,-6.29,0.7,0.18,-6.74,0.16,-1.82,-3.35,0.73,0.44,-0.97,0.75
576,0.7,0.18,-6.74,0.16,0.5,-3.35,0.73,0.44,-0.97,-0.21,-6.29
577,0.18,-6.74,0.16,0.5,-3.82,0.73,0.44,-0.97,-0.21,-0.99,0.7
578,-6.74,0.16,0.5,-3.82,-0.79,0.44,-0.97,-0.21,-0.99,-0.99,0.18
579,0.16,0.5,-3.82,-0.79,-3.36,-0.97,-0.21,-0.99,-0.99,0.28,-6.74
580,0.5,-3.82,-0.79,-3.36,0.92,-0.21,-0.99,-0.99,0.28,-0.31,0.16
581,-3.82,-0.79,-3.36,0.92,-2.41,-0.99,-0.99,0.28,-0.31,0.37,0.5
582,-0.79,-3.36,0.92,-2.41,0.0,-0.99,0.28,-0.31,0.37,1.29,-3.82
583,-3.36,0.92,-2.41,0.0,4.56,0.28,-0.31,0.37,1.29,0.39,-0.79
584,0.92,-2.41,0.0,4.56,0.0,-0.31,0.37,1.29,0.39,0.38,-3.36
585,-2.41,0.0,4.56,0.0,-0.47,0.37,1.29,0.39,0.38,0.87,0.92
586,0.0,4.56,0.0,-0.47,1.91,1.29,0.39,0.38,0.87,0.24,-2.41
587,4.56,0.0,-0.47,1.91,3.29,0.39,0.38,0.87,0.24,0.77,0.0
588,0.0,-0.47,1.91,3.29,-0.33,0.38,0.87,0.24,0.77,-0.54,4.56
589,-0.47,1.91,3.29,-0.33,0.0,0.87,0.24,0.77,-0.54,0.1,0.0
590,1.91,3.29,-0.33,0.0,1.33,0.24,0.77,-0.54,0.1,0.1,-0.47
591,3.29,-0.33,0.0,1.33,7.71,0.77,-0.54,0.1,0.1,0.23,1.91
592,-0.33,0.0,1.33,7.71,0.0,-0.54,0.1,0.1,0.23,0.13,3.29
593,0.0,1.33,7.71,0.0,-2.45,0.1,0.1,0.23,0.13,0.52,-0.33
594,1.33,7.71,0.0,-2.45,-0.87,0.1,0.23,0.13,0.52,0.18,0.0
595,7.71,0.0,-2.45,-0.87,0.7,0.23,0.13,0.52,0.18,0.49,1.33
596,0.0,-2.45,-0.87,0.7,-1.04,0.13,0.52,0.18,0.49,0.62,7.71
597,-2.45,-0.87,0.7,-1.04,0.0,0.52,0.18,0.49,0.62,1.24,0.0
598,-0.87,0.7,-1.04,0.0,0.7,0.18,0.49,0.62,1.24,0.33,-2.45
599,0.7,-1.04,0.0,0.7,-1.03,0.49,0.62,1.24,0.33,0.63,-0.87
600,-1.04,0.0,0.7,-1.03,-0.85,0.62,1.24,0.33,0.63,-0.92,0.7
601,0.0,0.7,-1.03,-0.85,-1.01,1.24,0.33,0.63,-0.92,0.78,-1.04
602,0.7,-1.03,-0.85,-1.01,0.17,0.33,0.63,-0.92,0.78,-0.5,0.0
603,-1.03,-0.85,-1.01,0.17,4.42,0.63,-0.92,0.78,-0.5,-0.09,0.7
604,-0.85,-1.01,0.17,4.42,0.18,-0.92,0.78,-0.5,-0.09,0.38,-1.03
605,-1.01,0.17,4.42,0.18,2.17,0.78,-0.5,-0.09,0.38,-0.27,-0.85
606,0.17,4.42,0.18,2.17,0.18,-0.5,-0.09,0.38,-0.27,0.88,-1.01
607,4.42,0.18,2.17,0.18,-4.83,-0.09,0.38,-0.27,0.88,0.05,0.17
608,0.18,2.17,0.18,-4.83,0.17,0.38,-0.27,0.88,0.05,-0.8,4.42
609,2.17,0.18,-4.83,0.17,1.05,-0.27,0.88,0.05,-0.8,-0.32,0.18
610,0.18,-4.83,0.17,1.05,-1.21,0.88,0.05,-0.8,-0.32,0.68,2.17
611,-4.83,0.17,1.05,-1.21,2.29,0.05,-0.8,-0.32,0.68,-1.25,0.18
612,0.17,1.05,-1.21,2.29,1.61,-0.8,-0.32,0.68,-1.25,0.98,-4.83
613,1.05,-1.21,2.29,1.61,-2.28,-0.32,0.68,-1.25,0.98,0.55,0.17
614,-1.21,2.29,1.61,-2.28,1.6,0.68,-1.25,0.98,0.55,-0.67,1.05
615,2.29,1.61,-2.28,1.6,0.36,-1.25,0.98,0.55,-0.67,-0.29,-1.21
616,1.61,-2.28,1.6,0.36,4.09,0.98,0.55,-0.67,-0.29,-0.18,2.29
617,-2.28,1.6,0.36,4.09,0.75,0.55,-0.67,-0.29,-0.18,-0.24,1.61
618,1.6,0.36,4.09,0.75,-1.29,-0.67,-0.29,-0.18,-0.24,0.01,-2.28
619,0.36,4.09,0.75,-1.29,0.37,-0.29,-0.18,-0.24,0.01,-0.62,1.6
620,4.09,0.75,-1.29,0.37,3.26,-0.18,-0.24,0.01,-0.62,0.13,0.36
621,0.75,-1.29,0.37,3.26,-9.69,-0.24,0.01,-0.62,0.13,0.34,4.09
622,-1.29,0.37,3.26,-9.69,-4.62,0.01,-0.62,0.13,0.34,-0.94,0.75
623,0.37,3.26,-9.69,-4.62,-6.48,-0.62,0.13,0.34,-0.94,0.06,-1.29
624,3.26,-9.69,-4.62,-6.48,-2.85,0.13,0.34,-0.94,0.06,-2.29,0.37
625,-9.69,-4.62,-6.48,-2.85,6.38,0.34,-0.94,0.06,-2.29,0.59,3.26
626,-4.62,-6.48,-2.85,6.38,1.46,-0.94,0.06,-2.29,0.59,0.53,-9.69
627,-6.48,-2.85,6.38,1.46,-3.74,0.06,-2.29,0.59,0.53,0.28,-4.62
628,-2.85,6.38,1.46,-3.74,3.22,-2.29,0.59,0.53,0.28,-0.48,-6.48
629,6.38,1.46,-3.74,3.22,1.47,0.59,0.53,0.28,-0.48,-0.1,-2.85
630,1.46,-3.74,3.22,1.47,-4.37,0.53,0.28,-0.48,-0.1,-0.79,6.38
631,-3.74,3.22,1.47,-4.37,-1.38,0.28,-0.48,-0.1,-0.79,-0.53,1.46
632,3.22,1.47,-4.37,-1.38,-0.31,-0.48,-0.1,-0.79,-0.53,0.44,-3.74
633,1.47,-4.37,-1.38,-0.31,1.24,-0.1,-0.79,-0.53,0.44,0.14,3.22
634,-4.37,-1.38,-0.31,1.24,-1.38,-0.79,-0.53,0.44,0.14,0.36,1.47
635,-1.38,-0.31,1.24,-1.38,-0.15,-0.53,0.44,0.14,0.36,0.06,-4.37
636,-0.31,1.24,-1.38,-0.15,8.82,0.44,0.14,0.36,0.06,0.75,-1.38
637,1.24,-1.38,-0.15,8.82,3.26,0.14,0.36,0.06,0.75,0.49,-0.31
638,-1.38,-0.15,8.82,3.26,-5.98,0.36,0.06,0.75,0.49,-0.34,1.24
639,-0.15,8.82,3.26,-5.98,-0.48,0.06,0.75,0.49,-0.34,-0.37,-1.38
640,8.82,3.26,-5.98,-0.48,1.14,0.75,0.49,-0.34,-0.37,0.08,-0.15
641,3.26,-5.98,-0.48,1.14,3.89,0.49,-0.34,-0.37,0.08,0.09,8.82
642,-5.98,-0.48,1.14,3.89,2.78,-0.34,-0.37,0.08,0.09,-0.77,3.26
643,-0.48,1.14,3.89,2.78,0.0,-0.37,0.08,0.09,-0.77,0.27,-5.98
644,1.14,3.89,2.78,0.0,9.58,0.08,0.09,-0.77,0.27,0.31,-0.48
645,3.89,2.78,0.0,9.58,-0.57,0.09,-0.77,0.27,0.31,0.26,1.14
646,2.78,0.0,9.58,-0.57,3.75,-0.77,0.27,0.31,0.26,0.22,3.89
647,0.0,9.58,-0.57,3.75,0.6,0.27,0.31,0.26,0.22,0.06,2.78
648,9.58,-0.57,3.75,0.6,-4.91,0.31,0.26,0.22,0.06,0.25,0.0
649,-0.57,3.75,0.6,-4.91,2.72,0.26,0.22,0.06,0.25,-0.34,9.58
650,3.75,0.6,-4.91,2.72,0.78,0.22,0.06,0.25,-0.34,0.29,-0.57
651,0.6,-4.91,2.72,0.78,0.2,0.06,0.25,-0.34,0.29,-0.19,3.75
652,-4.91,2.72,0.78,0.2,6.92,0.25,-0.34,0.29,-0.19,-0.36,0.6
653,2.72,0.78,0.2,6.92,0.85,-0.34,0.29,-0.19,-0.36,0.13,-4.91
654,0.78,0.2,6.92,0.85,-1.66,0.29,-0.19,-0.36,0.13,-0.06,2.72
655,0.2,6.92,0.85,-1.66,0.42,-0.19,-0.36,0.13,-0.06,0.16,0.78
656,6.92,0.85,-1.66,0.42,8.86,-0.36,0.13,-0.06,0.16,0.26,0.2
657,0.85,-1.66,0.42,8.86,-2.0,0.13,-0.06,0.16,0.26,0.76,6.92
658,-1.66,0.42,8.86,-2.0,6.9,-0.06,0.16,0.26,0.76,0.28,0.85
659,0.42,8.86,-2.0,6.9,0.72,0.16,0.26,0.76,0.28,-0.17,-1.66
660,8.86,-2.0,6.9,0.72,4.51,0.26,0.76,0.28,-0.17,0.05,0.42
661,-2.0,6.9,0.72,4.51,-0.25,0.76,0.28,-0.17,0.05,0.06,8.86
662,6.9,0.72,4.51,-0.25,1.01,0.28,-0.17,0.05,0.06,-0.33,-2.0
663,0.72,4.51,-0.25,1.01,-0.25,-0.17,0.05,0.06,-0.33,-0.16,6.9
664,4.51,-0.25,1.01,-0.25,0.0,0.05,0.06,-0.33,-0.16,0.27,0.72
665,-0.25,1.01,-0.25,0.0,4.43,0.06,-0.33,-0.16,0.27,-0.18,4.51
666,1.01,-0.25,0.0,4.43,0.0,-0.33,-0.16,0.27,-0.18,0.28,-0.25
667,-0.25,0.0,4.43,0.0,-1.79,-0.16,0.27,-0.18,0.28,-0.53,1.01
668,0.0,4.43,0.0,-1.79,-0.26,0.27,-0.18,0.28,-0.53,-0.38,-0.25
669,4.43,0.0,-1.79,-0.26,-1.26,-0.18,0.28,-0.53,-0.38,0.14,0.0
670,0.0,-1.79,-0.26,-1.26,0.0,0.28,-0.53,-0.38,0.14,0.09,4.43
671,-1.79,-0.26,-1.26,0.0,0.25,-0.53,-0.38,0.14,0.09,0.33,0.0
672,-0.26,-1.26,0.0,0.25,-1.25,-0.38,0.14,0.09,0.33,-0.01,-1.79
673,-1.26,0.0,0.25,-1.25,0.0,0.14,0.09,0.33,-0.01,-0.59,-0.26
674,0.0,0.25,-1.25,0.0,2.82,0.09,0.33,-0.01,-0.59,0.03,-1.26
675,0.25,-1.25,0.0,2.82,1.56,0.33,-0.01,-0.59,0.03,0.14,0.0
676,-1.25,0.0,2.82,1.56,0.26,-0.01,-0.59,0.03,0.14,0.37,0.25
677,0.0,2.82,1.56,0.26,-0.52,-0.59,0.03,0.14,0.37,0.19,-1.25
678,2.82,1.56,0.26,-0.52,0.52,0.03,0.14,0.37,0.19,-0.08,0.0
679,1.56,0.26,-0.52,0.52,-2.3,0.14,0.37,0.19,-0.08,-0.05,2.82
680,0.26,-0.52,0.52,-2.3,0.51,0.37,0.19,-0.08,-0.05,0.08,1.56
681,-0.52,0.52,-2.3,0.51,0.78,0.19,-0.08,-0.05,0.08,0.93,0.26
682,0.52,-2.3,0.51,0.78,-0.51,-0.08,-0.05,0.08,0.93,1.83,-0.52
683,-2.3,0.51,0.78,-0.51,0.78,-0.05,0.08,0.93,1.83,-0.49,0.52
684,0.51,0.78,-0.51,0.78,-0.26,0.08,0.93,1.83,-0.49,-0.08,-2.3
685,0.78,-0.51,0.78,-0.26,1.31,0.93,1.83,-0.49,-0.08,0.1,0.51
686,-0.51,0.78,-0.26,1.31,-0.26,1.83,-0.49,-0.08,0.1,0.56,0.78
687,0.78,-0.26,1.31,-0.26,-0.52,-0.49,-0.08,0.1,0.56,0.01,-0.51
688,-0.26,1.31,-0.26,-0.52,1.32,-0.08,0.1,0.56,0.01,0.68,0.78
689,1.31,-0.26,-0.52,1.32,-0.26,0.1,0.56,0.01,0.68,-0.15,-0.26
690,-0.26,-0.52,1.32,-0.26,2.97,0.56,0.01,0.68,-0.15,0.43,1.31
691,-0.52,1.32,-0.26,2.97,0.27,0.01,0.68,-0.15,0.43,0.9,-0.26
692,1.32,-0.26,2.97,0.27,-2.64,0.68,-0.15,0.43,0.9,-1.63,-0.52
693,-0.26,2.97,0.27,-2.64,-0.79,-0.15,0.43,0.9,-1.63,-0.42,1.32
694,2.97,0.27,-2.64,-0.79,-1.8,0.43,0.9,-1.63,-0.42,-0.19,-0.26
695,0.27,-2.64,-0.79,-1.8,0.78,0.9,-1.63,-0.42,-0.19,0.07,2.97
696,-2.64,-0.79,-1.8,0.78,-1.03,-1.63,-0.42,-0.19,0.07,0.53,0.27
697,-0.79,-1.8,0.78,-1.03,-0.51,-0.42,-0.19,0.07,0.53,-0.33,-2.64
698,-1.8,0.78,-1.03,-0.51,-0.25,-0.19,0.07,0.53,-0.33,-0.37,-0.79
699,0.78,-1.03,-0.51,-0.25,-0.51,0.07,0.53,-0.33,-0.37,-0.23,-1.8
700,-1.03,-0.51,-0.25,-0.51,1.02,0.53,-0.33,-0.37,-0.23,0.6,0.78
701,-0.51,-0.25,-0.51,1.02,-0.51,-0.33,-0.37,-0.23,0.6,0.61,-1.03
702,-0.25,-0.51,1.02,-0.51,0.26,-0.37,-0.23,0.6,0.61,0.11,-0.51
703,-0.51,1.02,-0.51,0.26,-1.01,-0.23,0.6,0.61,0.11,0.06,-0.25
704,1.02,-0.51,0.26,-1.01,-1.74,0.6,0.61,0.11,0.06,0.12,-0.51
705,-0.51,0.26,-1.01,-1.74,1.51,0.61,0.11,0.06,0.12,-0.21,1.02
706,0.26,-1.01,-1.74,1.51,-1.49,0.11,0.06,0.12,-0.21,0.39,-0.51
707,-1.01,-1.74,1.51,-1.49,0.0,0.06,0.12,-0.21,0.39,-0.21,0.26
708,-1.74,1.51,-1.49,0.0,2.03,0.12,-0.21,0.39,-0.21,0.43,-1.01
709,1.51,-1.49,0.0,2.03,1.28,-0.21,0.39,-0.21,0.43,1.36,-1.74
710,-1.49,0.0,2.03,1.28,-2.74,0.39,-0.21,0.43,1.36,0.35,1.51
711,0.0,2.03,1.28,-2.74,2.3,-0.21,0.43,1.36,0.35,-1.43,-1.49
712,2.03,1.28,-2.74,2.3,0.25,0.43,1.36,0.35,-1.43,0.13,0.0
713,1.28,-2.74,2.3,0.25,-1.99,1.36,0.35,-1.43,0.13,0.64,2.03
714,-2.74,2.3,0.25,-1.99,0.0,0.35,-1.43,0.13,0.64,-0.17,1.28
715,2.3,0.25,-1.99,0.0,-2.9,-1.43,0.13,0.64,-0.17,-0.3,-2.74
716,0.25,-1.99,0.0,-2.9,0.0,0.13,0.64,-0.17,-0.3,-0.17,2.3
717,-1.99,0.0,-2.9,0.0,-0.48,0.64,-0.17,-0.3,-0.17,0.17,0.25
718,0.0,-2.9,0.0,-0.48,0.24,-0.17,-0.3,-0.17,0.17,0.17,-1.99
719,-2.9,0.0,-0.48,0.24,0.73,-0.3,-0.17,0.17,0.17,0.76,0.0
720,0.0,-0.48,0.24,0.73,-0.96,-0.17,0.17,0.17,0.76,-0.41,-2.9
721,-0.48,0.24,0.73,-0.96,-1.65,0.17,0.17,0.76,-0.41,0.11,0.0
722,0.24,0.73,-0.96,-1.65,2.17,0.17,0.76,-0.41,0.11,0.14,-0.48
723,0.73,-0.96,-1.65,2.17,-0.24,0.76,-0.41,0.11,0.14,0.47,0.24
724,-0.96,-1.65,2.17,-0.24,-0.24,-0.41,0.11,0.14,0.47,-0.56,0.73
725,-1.65,2.17,-0.24,-0.24,3.23,0.11,0.14,0.47,-0.56,0.18,-0.96
726,2.17,-0.24,-0.24,3.23,1.0,0.14,0.47,-0.56,0.18,0.87,-1.65
727,-0.24,-0.24,3.23,1.0,-2.21,0.47,-0.56,0.18,0.87,0.33,2.17
728,-0.24,3.23,1.0,-2.21,0.49,-0.56,0.18,0.87,0.33,-0.28,-0.24
729,3.23,1.0,-2.21,0.49,2.01,0.18,0.87,0.33,-0.28,0.52,-0.24
730,1.0,-2.21,0.49,2.01,0.0,0.87,0.33,-0.28,0.52,-0.14,3.23
731,-2.21,0.49,2.01,0.0,2.05,0.33,-0.28,0.52,-0.14,0.68,1.0
732,0.49,2.01,0.0,2.05,0.0,-0.28,0.52,-0.14,0.68,-0.3,-2.21
733,2.01,0.0,2.05,0.0,-2.5,0.52,-0.14,0.68,-0.3,0.06,0.49
734,0.0,2.05,0.0,-2.5,0.0,-0.14,0.68,-0.3,0.06,-0.73,2.01
735,2.05,0.0,-2.5,0.0,-1.23,0.68,-0.3,0.06,-0.73,0.44,0.0
736,0.0,-2.5,0.0,-1.23,0.75,-0.3,0.06,-0.73,0.44,-0.59,2.05
737,-2.5,0.0,-1.23,0.75,2.81,0.06,-0.73,0.44,-0.59,0.26,0.0
738,0.0,-1.23,0.75,2.81,1.56,-0.73,0.44,-0.59,0.26,0.32,-2.5
739,-1.23,0.75,2.81,1.56,-1.03,0.44,-0.59,0.26,0.32,1.23,0.0
740,0.75,2.81,1.56,-1.03,0.0,-0.59,0.26,0.32,1.23,0.34,-1.23
741,2.81,1.56,-1.03,0.0,0.78,0.26,0.32,1.23,0.34,-0.45,0.75
742,1.56,-1.03,0.0,0.78,0.0,0.32,1.23,0.34,-0.45,0.09,2.81
743,-1.03,0.0,0.78,0.0,-3.98,1.23,0.34,-0.45,0.09,-0.47,1.56
744,0.0,0.78,0.0,-3.98,-0.99,0.34,-0.45,0.09,-0.47,0.23,-1.03
745,0.78,0.0,-3.98,-0.99,-0.25,-0.45,0.09,-0.47,0.23,0.07,0.0
746,0.0,-3.98,-0.99,-0.25,2.26,0.09,-0.47,0.23,0.07,1.43,0.78
747,-3.98,-0.99,-0.25,2.26,-3.4,-0.47,0.23,0.07,1.43,0.07,0.0
748,-0.99,-0.25,2.26,-3.4,-0.72,0.23,0.07,1.43,0.07,-0.45,-3.98
749,-0.25,2.26,-3.4,-0.72,-0.24,0.07,1.43,0.07,-0.45,-0.48,-0.99
750,2.26,-3.4,-0.72,-0.24,1.22,1.43,0.07,-0.45,-0.48,0.02,-0.25
751,-3.4,-0.72,-0.24,1.22,-1.67,0.07,-0.45,-0.48,0.02,-0.46,2.26
752,-0.72,-0.24,1.22,-1.67,7.73,-0.45,-0.48,0.02,-0.46,-0.27,-3.4
753,-0.24,1.22,-1.67,7.73,2.11,-0.48,0.02,-0.46,-0.27,0.74,-0.72
754,1.22,-1.67,7.73,2.11,0.26,0.02,-0.46,-0.27,0.74,0.22,-0.24
755,-1.67,7.73,2.11,0.26,-0.52,-0.46,-0.27,0.74,0.22,0.72,1.22
756,7.73,2.11,0.26,-0.52,1.33,-0.27,0.74,0.22,0.72,0.29,-1.67
757,2.11,0.26,-0.52,1.33,1.35,0.74,0.22,0.72,0.29,-0.9,7.73
758,0.26,-0.52,1.33,1.35,-9.73,0.22,0.72,0.29,-0.9,0.06,2.11
759,-0.52,1.33,1.35,-9.73,-0.96,0.72,0.29,-0.9,0.06,-0.79,0.26
760,1.33,1.35,-9.73,-0.96,-0.72,0.29,-0.9,0.06,-0.79,-0.78,-0.52
761,1.35,-9.73,-0.96,-0.72,1.95,-0.9,0.06,-0.79,-0.78,-0.25,1.33
762,-9.73,-0.96,-0.72,1.95,1.74,0.06,-0.79,-0.78,-0.25,-0.27,1.35
763,-0.96,-0.72,1.95,1.74,-0.49,-0.79,-0.78,-0.25,-0.27,-0.35,-9.73
764,-0.72,1.95,1.74,-0.49,0.5,-0.78,-0.25,-0.27,-0.35,0.08,-0.96
765,1.95,1.74,-0.49,0.5,4.4,-0.25,-0.27,-0.35,0.08,0.36,-0.72
766,1.74,-0.49,0.5,4.4,-1.53,-0.27,-0.35,0.08,0.36,0.2,1.95
767,-0.49,0.5,4.4,-1.53,-1.51,-0.35,0.08,0.36,0.2,0.16,1.74
768,0.5,4.4,-1.53,-1.51,4.74,0.08,0.36,0.2,0.16,-1.37,-0.49
769,4.4,-1.53,-1.51,4.74,1.88,0.36,0.2,0.16,-1.37,0.03,0.5
770,-1.53,-1.51,4.74,1.88,-1.58,0.2,0.16,-1.37,0.03,0.04,4.4
771,-1.51,4.74,1.88,-1.58,2.16,0.16,-1.37,0.03,0.04,-0.81,-1.53
772,4.74,1.88,-1.58,2.16,0.0,-1.37,0.03,0.04,-0.81,-0.79,-1.51
773,1.88,-1.58,2.16,0.0,-1.59,0.03,0.04,-0.81,-0.79,-0.74,4.74
774,-1.58,2.16,0.0,-1.59,1.34,0.04,-0.81,-0.79,-0.74,-0.91,1.88
775,2.16,0.0,-1.59,1.34,-1.85,-0.81,-0.79,-0.74,-0.91,0.07,-1.58
776,0.0,-1.59,1.34,-1.85,0.0,-0.79,-0.74,-0.91,0.07,-0.46,2.16
777,-1.59,1.34,-1.85,0.0,3.28,-0.74,-0.91,0.07,-0.46,0.6,0.0
778,1.34,-1.85,0.0,3.28,2.52,-0.91,0.07,-0.46,0.6,-0.57,-1.59
779,-1.85,0.0,3.28,2.52,0.28,0.07,-0.46,0.6,-0.57,0.17,1.34
780,0.0,3.28,2.52,0.28,3.49,-0.46,0.6,-0.57,0.17,0.33,-1.85
781,3.28,2.52,0.28,3.49,0.59,0.6,-0.57,0.17,0.33,1.48,0.0
782,2.52,0.28,3.49,0.59,-2.01,-0.57,0.17,0.33,1.48,0.35,3.28
783,0.28,3.49,0.59,-2.01,-0.29,0.17,0.33,1.48,0.35,-0.96,2.52
784,3.49,0.59,-2.01,-0.29,2.05,0.33,1.48,0.35,-0.96,-0.36,0.28
785,0.59,-2.01,-0.29,2.05,0.59,1.48,0.35,-0.96,-0.36,-0.43,3.49
786,-2.01,-0.29,2.05,0.59,2.41,0.35,-0.96,-0.36,-0.43,-0.08,0.59
787,-0.29,2.05,0.59,2.41,0.0,-0.96,-0.36,-0.43,-0.08,0.64,-2.01
788,2.05,0.59,2.41,0.0,0.91,-0.36,-0.43,-0.08,0.64,0.1,-0.29
789,0.59,2.41,0.0,0.91,1.86,-0.43,-0.08,0.64,0.1,-0.5,2.05
790,2.41,0.0,0.91,1.86,1.25,-0.08,0.64,0.1,-0.5,0.33,0.59
791,0.0,0.91,1.86,1.25,-1.24,0.64,0.1,-0.5,0.33,0.41,2.41
792,0.91,1.86,1.25,-1.24,0.0,0.1,-0.5,0.33,0.41,-0.96,0.0
793,1.86,1.25,-1.24,0.0,1.57,-0.5,0.33,0.41,-0.96,0.84,0.91
794,1.25,-1.24,0.0,1.57,-0.63,0.33,0.41,-0.96,0.84,0.08,1.86
795,-1.24,0.0,1.57,-0.63,1.91,0.41,-0.96,0.84,0.08,0.07,1.25
796,0.0,1.57,-0.63,1.91,-0.63,-0.96,0.84,0.08,0.07,0.76,-1.24
797,1.57,-0.63,1.91,-0.63,-1.25,0.84,0.08,0.07,0.76,-0.12,0.0
798,-0.63,1.91,-0.63,-1.25,-0.62,0.08,0.07,0.76,-0.12,-0.74,1.57
799,1.91,-0.63,-1.25,-0.62,0.31,0.07,0.76,-0.12,-0.74,-0.05,-0.63
800,-0.63,-1.25,-0.62,0.31,-0.31,0.76,-0.12,-0.74,-0.05,0.26,1.91
801,-1.25,-0.62,0.31,-0.31,0.31,-0.12,-0.74,-0.05,0.26,0.48,-0.63
802,-0.62,0.31,-0.31,0.31,-1.23,-0.74,-0.05,0.26,0.48,-0.36,-1.25
803,0.31,-0.31,0.31,-1.23,-0.61,-0.05,0.26,0.48,-0.36,-0.52,-0.62
804,-0.31,0.31,-1.23,-0.61,-0.61,0.26,0.48,-0.36,-0.52,0.16,0.31
805,0.31,-1.23,-0.61,-0.61,-1.79,0.48,-0.36,-0.52,0.16,0.4,-0.31
806,-1.23,-0.61,-0.61,-1.79,0.6,-0.36,-0.52,0.16,0.4,-0.76,0.31
807,-0.61,-0.61,-1.79,0.6,-0.3,-0.52,0.16,0.4,-0.76,0.06,-1.23
808,-0.61,-1.79,0.6,-0.3,2.45,0.16,0.4,-0.76,0.06,-0.3,-0.61
809,-1.79,0.6,-0.3,2.45,1.24,0.4,-0.76,0.06,-0.3,0.24,-0.61
810,0.6,-0.3,2.45,1.24,0.0,-0.76,0.06,-0.3,0.24,0.41,-1.79
811,-0.3,2.45,1.24,0.0,-1.53,0.06,-0.3,0.24,0.41,1.18,0.6
812,2.45,1.24,0.0,-1.53,0.62,-0.3,0.24,0.41,1.18,-0.85,-0.3
813,1.24,0.0,-1.53,0.62,1.25,0.24,0.41,1.18,-0.85,0.52,2.45
814,0.0,-1.53,0.62,1.25,-1.83,0.41,1.18,-0.85,0.52,-0.15,1.24
815,-1.53,0.62,1.25,-1.83,0.31,1.18,-0.85,0.52,-0.15,0.03,0.0
816,0.62,1.25,-1.83,0.31,1.24,-0.85,0.52,-0.15,0.03,0.63,-1.53
817,1.25,-1.83,0.31,1.24,0.94,0.52,-0.15,0.03,0.63,0.42,0.62
818,-1.83,0.31,1.24,0.94,0.0,-0.15,0.03,0.63,0.42,0.51,1.25
819,0.31,1.24,0.94,0.0,0.63,0.03,0.63,0.42,0.51,0.44,-1.83
820,1.24,0.94,0.0,0.63,-1.55,0.63,0.42,0.51,0.44,-0.12,0.31
821,0.94,0.0,0.63,-1.55,-5.57,0.42,0.51,0.44,-0.12,0.54,1.24
822,0.0,0.63,-1.55,-5.57,0.29,0.51,0.44,-0.12,0.54,-0.6,0.94
823,0.63,-1.55,-5.57,0.29,0.0,0.44,-0.12,0.54,-0.6,0.31,0.0
824,-1.55,-5.57,0.29,0.0,-0.87,-0.12,0.54,-0.6,0.31,0.22,0.63
825,-5.57,0.29,0.0,-0.87,4.57,0.54,-0.6,0.31,0.22,0.18,-1.55
826,0.29,0.0,-0.87,4.57,3.8,-0.6,0.31,0.22,0.18,0.44,-5.57
827,0.0,-0.87,4.57,3.8,0.32,0.31,0.22,0.18,0.44,0.7,0.29
828,-0.87,4.57,3.8,0.32,-0.32,0.22,0.18,0.44,0.7,-0.38,0.0
829,4.57,3.8,0.32,-0.32,2.27,0.18,0.44,0.7,-0.38,0.14,-0.87
830,3.8,0.32,-0.32,2.27,-3.13,0.44,0.7,-0.38,0.14,0.17,4.57
831,0.32,-0.32,2.27,-3.13,-3.33,0.7,-0.38,0.14,0.17,-0.3,3.8
832,-0.32,2.27,-3.13,-3.33,4.43,-0.38,0.14,0.17,-0.3,-0.21,0.32
833,2.27,-3.13,-3.33,4.43,0.32,0.14,0.17,-0.3,-0.21,-0.56,-0.32
834,-3.13,-3.33,4.43,0.32,-0.32,0.17,-0.3,-0.21,-0.56,-0.79,2.27
835,-3.33,4.43,0.32,-0.32,2.27,-0.3,-0.21,-0.56,-0.79,-0.3,-3.13
836,4.43,0.32,-0.32,2.27,0.32,-0.21,-0.56,-0.79,-0.3,0.54,-3.33
837,0.32,-0.32,2.27,0.32,-1.28,-0.56,-0.79,-0.3,0.54,-0.35,4.43
838,-0.32,2.27,0.32,-1.28,0.65,-0.79,-0.3,0.54,-0.35,0.21,0.32
839,2.27,0.32,-1.28,0.65,8.39,-0.3,0.54,-0.35,0.21,0.73,-0.32
840,0.32,-1.28,0.65,8.39,2.14,0.54,-0.35,0.21,0.73,1.04,2.27
841,-1.28,0.65,8.39,2.14,-0.71,-0.35,0.21,0.73,1.04,0.24,0.32
842,0.65,8.39,2.14,-0.71,0.0,0.21,0.73,1.04,0.24,-0.2,-1.28
843,8.39,2.14,-0.71,0.0,-0.35,0.73,1.04,0.24,-0.2,-0.4,0.65
844,2.14,-0.71,0.0,-0.35,0.71,1.04,0.24,-0.2,-0.4,-0.25,8.39
845,-0.71,0.0,-0.35,0.71,-1.4,0.24,-0.2,-0.4,-0.25,0.4,2.14
846,0.0,-0.35,0.71,-1.4,-0.35,-0.2,-0.4,-0.25,0.4,-0.94,-0.71
847,-0.35,0.71,-1.4,-0.35,0.7,-0.4,-0.25,0.4,-0.94,0.07,0.0
848,0.71,-1.4,-0.35,0.7,0.71,-0.25,0.4,-0.94,0.07,1.11,-0.35
849,-1.4,-0.35,0.7,0.71,1.44,0.4,-0.94,0.07,1.11,-0.49,0.71
850,-0.35,0.7,0.71,1.44,0.0,-0.94,0.07,1.11,-0.49,-0.16,-1.4
851,0.7,0.71,1.44,0.0,-1.07,0.07,1.11,-0.49,-0.16,0.17,-0.35
852,0.71,1.44,0.0,-1.07,-0.35,1.11,-0.49,-0.16,0.17,-0.73,0.7
853,1.44,0.0,-1.07,-0.35,-1.05,-0.49,-0.16,0.17,-0.73,-0.46,0.71
854,0.0,-1.07,-0.35,-1.05,-3.39,-0.16,0.17,-0.73,-0.46,0.07,1.44
855,-1.07,-0.35,-1.05,-3.39,0.68,0.17,-0.73,-0.46,0.07,-2.47,0.0
856,-0.35,-1.05,-3.39,0.68,2.09,-0.73,-0.46,0.07,-2.47,0.54,-1.07
857,-1.05,-3.39,0.68,2.09,0.7,-0.46,0.07,-2.47,0.54,-0.21,-0.35
858,-3.39,0.68,2.09,0.7,-0.35,0.07,-2.47,0.54,-0.21,0.71,-1.05
859,0.68,2.09,0.7,-0.35,-3.7,-2.47,0.54,-0.21,0.71,-0.16,-3.39
860,2.09,0.7,-0.35,-3.7,2.41,0.54,-0.21,0.71,-0.16,-1.21,0.68
861,0.7,-0.35,-3.7,2.41,0.0,-0.21,0.71,-0.16,-1.21,-0.9,2.09
862,-0.35,-3.7,2.41,0.0,0.35,0.71,-0.16,-1.21,-0.9,0.72,0.7
863,-3.7,2.41,0.0,0.35,1.05,-0.16,-1.21,-0.9,0.72,-1.0,-0.35
864,2.41,0.0,0.35,1.05,2.88,-1.21,-0.9,0.72,-1.0,0.18,-3.7
865,0.0,0.35,1.05,2.88,2.21,-0.9,0.72,-1.0,0.18,0.46,2.41
866,0.35,1.05,2.88,2.21,-1.09,0.72,-1.0,0.18,0.46,0.62,0.0
867,1.05,2.88,2.21,-1.09,-1.43,-1.0,0.18,0.46,0.62,0.02,0.35
868,2.88,2.21,-1.09,-1.43,1.82,0.18,0.46,0.62,0.02,-0.22,1.05
869,2.21,-1.09,-1.43,1.82,1.11,0.46,0.62,0.02,-0.22,0.94,2.88
870,-1.09,-1.43,1.82,1.11,-1.45,0.62,0.02,-0.22,0.94,0.79,2.21
871,-1.43,1.82,1.11,-1.45,-0.72,0.02,-0.22,0.94,0.79,-0.49,-1.09
872,1.82,1.11,-1.45,-0.72,1.47,-0.22,0.94,0.79,-0.49,0.11,-1.43
873,1.11,-1.45,-0.72,1.47,0.0,0.94,0.79,-0.49,0.11,-0.06,1.82
874,-1.45,-0.72,1.47,0.0,-0.36,0.79,-0.49,0.11,-0.06,-0.11,1.11
875,-0.72,1.47,0.0,-0.36,-1.08,-0.49,0.11,-0.06,-0.11,0.45,-1.45
876,1.47,0.0,-0.36,-1.08,0.0,0.11,-0.06,-0.11,0.45,0.78,-0.72
877,0.0,-0.36,-1.08,0.0,3.75,-0.06,-0.11,0.45,0.78,1.37,1.47
878,-0.36,-1.08,0.0,3.75,0.0,-0.11,0.45,0.78,1.37,-0.62,0.0
879,-1.08,0.0,3.75,0.0,5.95,0.45,0.78,1.37,-0.62,0.46,-0.36
880,0.0,3.75,0.0,5.95,-0.4,0.78,1.37,-0.62,0.46,0.26,-1.08
881,3.75,0.0,5.95,-0.4,0.0,1.37,-0.62,0.46,0.26,-0.12,0.0
882,0.0,5.95,-0.4,0.0,2.02,-0.62,0.46,0.26,-0.12,0.84,3.75
883,5.95,-0.4,0.0,2.02,0.4,0.46,0.26,-0.12,0.84,-0.63,0.0
884,-0.4,0.0,2.02,0.4,0.0,0.26,-0.12,0.84,-0.63,0.71,5.95
885,0.0,2.02,0.4,0.0,-0.8,-0.12,0.84,-0.63,0.71,-0.12,-0.4
886,2.02,0.4,0.0,-0.8,-1.19,0.84,-0.63,0.71,-0.12,-0.26,0.0
887,0.4,0.0,-0.8,-1.19,0.0,-0.63,0.71,-0.12,-0.26,-0.13,2.02
888,0.0,-0.8,-1.19,0.0,-0.4,0.71,-0.12,-0.26,-0.13,-0.5,0.4
889,-0.8,-1.19,0.0,-0.4,1.2,-0.12,-0.26,-0.13,-0.5,0.12,0.0
890,-1.19,0.0,-0.4,1.2,-0.4,-0.26,-0.13,-0.5,0.12,1.21,-0.8
891,0.0,-0.4,1.2,-0.4,-0.4,-0.13,-0.5,0.12,1.21,0.21,-1.19
892,-0.4,1.2,-0.4,-0.4,0.0,-0.5,0.12,1.21,0.21,-0.01,0.0
893,1.2,-0.4,-0.4,0.0,1.2,0.12,1.21,0.21,-0.01,0.03,-0.4
894,-0.4,-0.4,0.0,1.2,-2.35,1.21,0.21,-0.01,0.03,1.4,1.2
895,-0.4,0.0,1.2,-2.35,0.0,0.21,-0.01,0.03,1.4,-0.74,-0.4
896,0.0,1.2,-2.35,0.0,2.83,-0.01,0.03,1.4,-0.74,0.08,-0.4
897,1.2,-2.35,0.0,2.83,-0.4,0.03,1.4,-0.74,0.08,0.09,0.0
898,-2.35,0.0,2.83,-0.4,2.48,1.4,-0.74,0.08,0.09,-0.22,1.2
899,0.0,2.83,-0.4,2.48,2.11,-0.74,0.08,0.09,-0.22,0.56,-2.35
900,2.83,-0.4,2.48,2.11,-0.42,0.08,0.09,-0.22,0.56,1.45,0.0
901,-0.4,2.48,2.11,-0.42,0.42,0.09,-0.22,0.56,1.45,0.21,2.83
902,2.48,2.11,-0.42,0.42,0.0,-0.22,0.56,1.45,0.21,0.36,-0.4
903,2.11,-0.42,0.42,0.0,0.0,0.56,1.45,0.21,0.36,-0.34,2.48
904,-0.42,0.42,0.0,0.0,-1.66,1.45,0.21,0.36,-0.34,0.6,2.11
905,0.42,0.0,0.0,-1.66,-0.41,0.21,0.36,-0.34,0.6,-1.76,-0.42
906,0.0,0.0,-1.66,-0.41,2.11,0.36,-0.34,0.6,-1.76,-0.28,0.42
907,0.0,-1.66,-0.41,2.11,-0.42,-0.34,0.6,-1.76,-0.28,0.54,0.0
908,-1.66,-0.41,2.11,-0.42,0.85,0.6,-1.76,-0.28,0.54,0.1,0.0
909,-0.41,2.11,-0.42,0.85,0.85,-1.76,-0.28,0.54,0.1,-0.1,-1.66
910,2.11,-0.42,0.85,0.85,0.0,-0.28,0.54,0.1,-0.1,0.77,-0.41
911,-0.42,0.85,0.85,0.0,-2.09,0.54,0.1,-0.1,0.77,-0.68,2.11
912,0.85,0.85,0.0,-2.09,-1.24,0.1,-0.1,0.77,-0.68,0.05,-0.42
913,0.85,0.0,-2.09,-1.24,-0.41,-0.1,0.77,-0.68,0.05,-1.85,0.85
914,0.0,-2.09,-1.24,-0.41,0.0,0.77,-0.68,0.05,-1.85,-0.55,0.85
915,-2.09,-1.24,-0.41,0.0,0.41,-0.68,0.05,-1.85,-0.55,0.13,0.0
916,-1.24,-0.41,0.0,0.41,0.41,0.05,-1.85,-0.55,0.13,0.04,-2.09
917,-0.41,0.0,0.41,0.41,0.42,-1.85,-0.55,0.13,0.04,0.61,-1.24
918,0.0,0.41,0.41,0.42,-1.64,-0.55,0.13,0.04,0.61,0.15,-0.41
919,0.41,0.41,0.42,-1.64,-0.81,0.13,0.04,0.61,0.15,0.13,0.0
920,0.41,0.42,-1.64,-0.81,0.41,0.04,0.61,0.15,0.13,-0.72,0.41
921,0.42,-1.64,-0.81,0.41,0.0,0.61,0.15,0.13,-0.72,0.35,0.41
922,-1.64,-0.81,0.41,0.0,0.41,0.15,0.13,-0.72,0.35,0.15,0.42
923,-0.81,0.41,0.0,0.41,-1.61,0.13,-0.72,0.35,0.15,-0.01,-1.64
924,0.41,0.0,0.41,-1.61,2.06,-0.72,0.35,0.15,-0.01,0.06,-0.81
925,0.0,0.41,-1.61,2.06,1.25,0.35,0.15,-0.01,0.06,-0.57,0.41
926,0.41,-1.61,2.06,1.25,0.0,0.15,-0.01,0.06,-0.57,-0.12,0.0
927,-1.61,2.06,1.25,0.0,-0.41,-0.01,0.06,-0.57,-0.12,0.16,0.41
928,2.06,1.25,0.0,-0.41,0.0,0.06,-0.57,-0.12,0.16,-0.75,-1.61
929,1.25,0.0,-0.41,0.0,-0.41,-0.57,-0.12,0.16,-0.75,0.13,2.06
930,0.0,-0.41,0.0,-0.41,0.0,-0.12,0.16,-0.75,0.13,-0.17,1.25
931,-0.41,0.0,-0.41,0.0,1.68,0.16,-0.75,0.13,-0.17,-0.02,0.0
932,0.0,-0.41,0.0,1.68,1.28,-0.75,0.13,-0.17,-0.02,-0.49,-0.41
933,-0.41,0.0,1.68,1.28,-0.84,0.13,-0.17,-0.02,-0.49,2.44,0.0
934,0.0,1.68,1.28,-0.84,0.0,-0.17,-0.02,-0.49,2.44,1.6,-0.41
935,1.68,1.28,-0.84,0.0,0.42,-0.02,-0.49,2.44,1.6,-0.53,0.0
936,1.28,-0.84,0.0,0.42,1.72,-0.49,2.44,1.6,-0.53,-0.23,1.68
937,-0.84,0.0,0.42,1.72,0.0,2.44,1.6,-0.53,-0.23,0.71,1.28
938,0.0,0.42,1.72,0.0,-0.43,1.6,-0.53,-0.23,0.71,0.93,-0.84
939,0.42,1.72,0.0,-0.43,0.43,-0.53,-0.23,0.71,0.93,-0.19,0.0
940,1.72,0.0,-0.43,0.43,0.43,-0.23,0.71,0.93,-0.19,0.13,0.42
941,0.0,-0.43,0.43,0.43,-0.43,0.71,0.93,-0.19,0.13,0.24,1.72
942,-0.43,0.43,0.43,-0.43,-0.43,0.93,-0.19,0.13,0.24,0.61,0.0
943,0.43,0.43,-0.43,-0.43,-0.43,-0.19,0.13,0.24,0.61,-0.87,-0.43
944,0.43,-0.43,-0.43,-0.43,-1.26,0.13,0.24,0.61,-0.87,-0.5,0.43
945,-0.43,-0.43,-0.43,-1.26,0.85,0.24,0.61,-0.87,-0.5,0.08,0.43
946,-0.43,-0.43,-1.26,0.85,0.0,0.61,-0.87,-0.5,0.08,-1.91,-0.43
947,-0.43,-1.26,0.85,0.0,-0.84,-0.87,-0.5,0.08,-1.91,1.14,-0.43
948,-1.26,0.85,0.0,-0.84,0.42,-0.5,0.08,-1.91,1.14,0.1,-0.43
949,0.85,0.0,-0.84,0.42,0.0,0.08,-1.91,1.14,0.1,-0.86,-1.26
950,0.0,-0.84,0.42,0.0,0.0,-1.91,1.14,0.1,-0.86,0.37,0.85
951,-0.84,0.42,0.0,0.0,-1.25,1.14,0.1,-0.86,0.37,-0.29,0.0
952,0.42,0.0,0.0,-1.25,-0.41,0.1,-0.86,0.37,-0.29,-0.23,-0.84
953,0.0,0.0,-1.25,-0.41,-0.41,-0.86,0.37,-0.29,-0.23,-0.35,0.42
954,0.0,-1.25,-0.41,-0.41,0.0,0.37,-0.29,-0.23,-0.35,0.01,0.0
955,-1.25,-0.41,-0.41,0.0,1.26,-0.29,-0.23,-0.35,0.01,-0.22,0.0
956,-0.41,-0.41,0.0,1.26,1.7,-0.23,-0.35,0.01,-0.22,0.37,-1.25
957,-0.41,0.0,1.26,1.7,-0.42,-0.35,0.01,-0.22,0.37,1.82,-0.41
958,0.0,1.26,1.7,-0.42,0.85,0.01,-0.22,0.37,1.82,0.23,-0.41
959,1.26,1.7,-0.42,0.85,0.0,-0.22,0.37,1.82,0.23,-0.95,0.0
960,1.7,-0.42,0.85,0.0,0.0,0.37,1.82,0.23,-0.95,-0.01,1.26
961,-0.42,0.85,0.0,0.0,1.3,1.82,0.23,-0.95,-0.01,0.36,1.7
962,0.85,0.0,0.0,1.3,0.0,0.23,-0.95,-0.01,0.36,0.6,-0.42
963,0.0,0.0,1.3,0.0,0.0,-0.95,-0.01,0.36,0.6,1.91,0.85
964,0.0,1.3,0.0,0.0,0.0,-0.01,0.36,0.6,1.91,0.1,0.0
965,1.3,0.0,0.0,0.0,0.87,0.36,0.6,1.91,0.1,-0.07,0.0
966,0.0,0.0,0.0,0.87,0.88,0.6,1.91,0.1,-0.07,0.65,1.3
967,0.0,0.0,0.87,0.88,-0.44,1.91,0.1,-0.07,0.65,0.58,0.0
968,0.0,0.87,0.88,-0.44,-1.29,0.1,-0.07,0.65,0.58,1.45,0.0
969,0.87,0.88,-0.44,-1.29,0.87,-0.07,0.65,0.58,1.45,-1.3,0.0
970,0.88,-0.44,-1.29,0.87,-0.86,0.65,0.58,1.45,-1.3,-0.47,0.87
971,-0.44,-1.29,0.87,-0.86,0.87,0.58,1.45,-1.3,-0.47,0.94,0.88
972,-1.29,0.87,-0.86,0.87,0.44,1.45,-1.3,-0.47,0.94,-0.35,-0.44
973,0.87,-0.86,0.87,0.44,-1.29,-1.3,-0.47,0.94,-0.35,0.13,-1.29
974,-0.86,0.87,0.44,-1.29,1.75,-0.47,0.94,-0.35,0.13,0.43,0.87
975,0.87,0.44,-1.29,1.75,0.0,0.94,-0.35,0.13,0.43,-0.5,-0.86
976,0.44,-1.29,1.75,0.0,-2.98,-0.35,0.13,0.43,-0.5,1.58,0.87
977,-1.29,1.75,0.0,-2.98,-0.42,0.13,0.43,-0.5,1.58,0.32,0.44
978,1.75,0.0,-2.98,-0.42,-0.42,0.43,-0.5,1.58,0.32,-3.21,-1.29
979,0.0,-2.98,-0.42,-0.42,-0.42,-0.5,1.58,0.32,-3.21,-0.3,1.75
980,-2.98,-0.42,-0.42,-0.42,-1.24,1.58,0.32,-3.21,-0.3,0.07,0.0
981,-0.42,-0.42,-0.42,-1.24,1.69,0.32,-3.21,-0.3,0.07,-0.16,-2.98
982,-0.42,-0.42,-1.24,1.69,0.0,-3.21,-0.3,0.07,-0.16,0.46,-0.42
983,-0.42,-1.24,1.69,0.0,2.6,-0.3,0.07,-0.16,0.46,0.4,-0.42
984,-1.24,1.69,0.0,2.6,-1.7,0.07,-0.16,0.46,0.4,-0.11,-0.42
985,1.69,0.0,2.6,-1.7,2.17,-0.16,0.46,0.4,-0.11,3.34,-1.24
986,0.0,2.6,-1.7,2.17,0.44,0.46,0.4,-0.11,3.34,0.05,1.69
987,2.6,-1.7,2.17,0.44,0.0,0.4,-0.11,3.34,0.05,-0.05,0.0
988,-1.7,2.17,0.44,0.0,-0.87,-0.11,3.34,0.05,-0.05,0.26,2.6
989,2.17,0.44,0.0,-0.87,0.43,3.34,0.05,-0.05,0.26,-0.23,-1.7
990,0.44,0.0,-0.87,0.43,-0.43,0.05,-0.05,0.26,-0.23,-0.77,2.17
991,0.0,-0.87,0.43,-0.43,0.87,-0.05,0.26,-0.23,-0.77,0.64,0.44
992,-0.87,0.43,-0.43,0.87,-0.43,0.26,-0.23,-0.77,0.64,0.66,0.0
993,0.43,-0.43,0.87,-0.43,-0.43,-0.23,-0.77,0.64,0.66,-0.02,-0.87
994,-0.43,0.87,-0.43,-0.43,0.87,-0.77,0.64,0.66,-0.02,-1.27,0.43
995,0.87,-0.43,-0.43,0.87,-0.87,0.64,0.66,-0.02,-1.27,-0.25,-0.43
996,-0.43,-0.43,0.87,-0.87,-0.43,0.66,-0.02,-1.27,-0.25,0.84,0.87
997,-0.43,0.87,-0.87,-0.43,-0.43,-0.02,-1.27,-0.25,0.84,-0.31,-0.43
998,0.87,-0.87,-0.43,-0.43,0.0,-1.27,-0.25,0.84,-0.31,-0.04,-0.43
999,-0.87,-0.43,-0.43,0.0,-3.32,-0.25,0.84,-0.31,-0.04,0.16,0.87
1000,-0.43,-0.43,0.0,-3.32,-0.82,0.84,-0.31,-0.04,0.16,0.02,-0.87
1001,-0.43,0.0,-3.32,-0.82,-0.82,-0.31,-0.04,0.16,0.02,-2.79,-0.43
1002,0.0,-3.32,-0.82,-0.82,0.82,-0.04,0.16,0.02,-2.79,-2.82,-0.43
1003,-3.32,-0.82,-0.82,0.82,1.67,0.16,0.02,-2.79,-2.82,0.22,0.0
1004,-0.82,-0.82,0.82,1.67,-0.42,0.02,-2.79,-2.82,0.22,-0.05,-3.32
1005,-0.82,0.82,1.67,-0.42,-0.83,-2.79,-2.82,0.22,-0.05,1.85,-0.82
1006,0.82,1.67,-0.42,-0.83,-0.82,-2.82,0.22,-0.05,1.85,-0.25,-0.82
1007,1.67,-0.42,-0.83,-0.82,-0.41,0.22,-0.05,1.85,-0.25,-0.27,0.82
1008,-0.42,-0.83,-0.82,-0.41,1.24,-0.05,1.85,-0.25,-0.27,-0.37,1.67
1009,-0.83,-0.82,-0.41,1.24,0.41,1.85,-0.25,-0.27,-0.37,0.61,-0.42
1010,-0.82,-0.41,1.24,0.41,-0.82,-0.25,-0.27,-0.37,0.61,-0.42,-0.83
1011,-0.41,1.24,0.41,-0.82,-3.57,-0.27,-0.37,0.61,-0.42,0.22,-0.82
1012,1.24,0.41,-0.82,-3.57,0.0,-0.37,0.61,-0.42,0.22,-0.66,-0.41
1013,0.41,-0.82,-3.57,0.0,-1.18,0.61,-0.42,0.22,-0.66,-2.31,1.24
1014,-0.82,-3.57,0.0,-1.18,-1.16,-0.42,0.22,-0.66,-2.31,0.3,0.41
1015,-3.57,0.0,-1.18,-1.16,0.39,0.22,-0.66,-2.31,0.3,-1.44,-0.82
1016,0.0,-1.18,-1.16,0.39,1.18,-0.66,-2.31,0.3,-1.44,-0.14,-3.57
1017,-1.18,-1.16,0.39,1.18,-1.17,-2.31,0.3,-1.44,-0.14,0.51,0.0
1018,-1.16,0.39,1.18,-1.17,1.58,0.3,-1.44,-0.14,0.51,1.42,-1.18
1019,0.39,1.18,-1.17,1.58,-0.78,-1.44,-0.14,0.51,1.42,-0.34,-1.16
1020,1.18,-1.17,1.58,-0.78,-1.16,-0.14,0.51,1.42,-0.34,1.64,0.39
1021,-1.17,1.58,-0.78,-1.16,-0.77,0.51,1.42,-0.34,1.64,-0.78,1.18
1022,1.58,-0.78,-1.16,-0.77,1.56,1.42,-0.34,1.64,-0.78,-1.38,-1.17
1023,-0.78,-1.16,-0.77,1.56,0.39,-0.34,1.64,-0.78,-1.38,-0.08,1.58
1024,-1.16,-0.77,1.56,0.39,-0.78,1.64,-0.78,-1.38,-0.08,1.45,-0.78
1025,-0.77,1.56,0.39,-0.78,1.98,-0.78,-1.38,-0.08,1.45,0.19,-1.16
1026,1.56,0.39,-0.78,1.98,-1.56,-1.38,-0.08,1.45,0.19,0.11,-0.77
1027,0.39,-0.78,1.98,-1.56,-1.54,-0.08,1.45,0.19,0.11,2.77,1.56
1028,-0.78,1.98,-1.56,-1.54,3.17,1.45,0.19,0.11,2.77,-1.28,0.39
1029,1.98,-1.56,-1.54,3.17,-1.56,0.19,0.11,2.77,-1.28,-0.73,-0.78
1030,-1.56,-1.54,3.17,-1.56,0.0,0.11,2.77,-1.28,-0.73,0.62,1.98
1031,-1.54,3.17,-1.56,0.0,-1.54,2.77,-1.28,-0.73,0.62,-1.63,-1.56
1032,3.17,-1.56,0.0,-1.54,1.17,-1.28,-0.73,0.62,-1.63,0.35,-1.54
1033,-1.56,0.0,-1.54,1.17,1.98,-0.73,0.62,-1.63,0.35,-0.64,3.17
1034,0.0,-1.54,1.17,1.98,1.61,0.62,-1.63,0.35,-0.64,2.15,-1.56
1035,-1.54,1.17,1.98,1.61,-0.4,-1.63,0.35,-0.64,2.15,1.73,0.0
1036,1.17,1.98,1.61,-0.4,-1.19,0.35,-0.64,2.15,1.73,1.2,-1.54
1037,1.98,1.61,-0.4,-1.19,2.86,-0.64,2.15,1.73,1.2,0.21,1.17
1038,1.61,-0.4,-1.19,2.86,-0.81,2.15,1.73,1.2,0.21,0.17,1.98
1039,-0.4,-1.19,2.86,-0.81,-0.8,1.73,1.2,0.21,0.17,1.75,1.61
1040,-1.19,2.86,-0.81,-0.8,-2.35,1.2,0.21,0.17,1.75,0.2,-0.4
1041,2.86,-0.81,-0.8,-2.35,-0.39,0.21,0.17,1.75,0.2,-2.02,-1.19
1042,-0.81,-0.8,-2.35,-0.39,0.79,0.17,1.75,0.2,-2.02,-1.34,2.86
1043,-0.8,-2.35,-0.39,0.79,0.79,1.75,0.2,-2.02,-1.34,0.14,-0.81
1044,-2.35,-0.39,0.79,0.79,-0.79,0.2,-2.02,-1.34,0.14,0.81,-0.8
1045,-0.39,0.79,0.79,-0.79,4.1,-2.02,-1.34,0.14,0.81,0.5,-2.35
1046,0.79,0.79,-0.79,4.1,1.67,-1.34,0.14,0.81,0.5,0.35,-0.39
1047,0.79,-0.79,4.1,1.67,-8.05,0.14,0.81,0.5,0.35,4.26,0.79
1048,-0.79,4.1,1.67,-8.05,0.38,0.81,0.5,0.35,4.26,1.68,0.79
1049,4.1,1.67,-8.05,0.38,-1.52,0.5,0.35,4.26,1.68,-2.86,-0.79
1050,1.67,-8.05,0.38,-1.52,1.93,0.35,4.26,1.68,-2.86,0.95,4.1
1051,-8.05,0.38,-1.52,1.93,-0.77,4.26,1.68,-2.86,0.95,-6.41,1.67
1052,0.38,-1.52,1.93,-0.77,-1.51,1.68,-2.86,0.95,-6.41,0.88,-8.05
1053,-1.52,1.93,-0.77,-1.51,4.74,-2.86,0.95,-6.41,0.88,-0.81,0.38
1054,1.93,-0.77,-1.51,4.74,10.0,0.95,-6.41,0.88,-0.81,2.35,-1.52
1055,-0.77,-1.51,4.74,10.0,0.0,-6.41,0.88,-0.81,2.35,-0.1,1.93
1056,-1.51,4.74,10.0,0.0,-0.43,0.88,-0.81,2.35,-0.1,-0.16,-0.77
1057,4.74,10.0,0.0,-0.43,1.32,-0.81,2.35,-0.1,-0.16,1.08,-1.51
1058,10.0,0.0,-0.43,1.32,-0.44,2.35,-0.1,-0.16,1.08,3.29,4.74
1059,0.0,-0.43,1.32,-0.44,1.78,-0.1,-0.16,1.08,3.29,-0.63,10.0
1060,-0.43,1.32,-0.44,1.78,-1.32,-0.16,1.08,3.29,-0.63,-0.63,0.0
1061,1.32,-0.44,1.78,-1.32,2.7,1.08,3.29,-0.63,-0.63,1.53,-0.43
1062,-0.44,1.78,-1.32,2.7,-3.48,3.29,-0.63,-0.63,1.53,-0.38,1.32
1063,1.78,-1.32,2.7,-3.48,-1.71,-0.63,-0.63,1.53,-0.38,2.26,-0.44
1064,-1.32,2.7,-3.48,-1.71,-8.95,-0.63,1.53,-0.38,2.26,-1.78,1.78
1065,2.7,-3.48,-1.71,-8.95,0.39,1.53,-0.38,2.26,-1.78,3.09,-1.32
1066,-3.48,-1.71,-8.95,0.39,0.79,-0.38,2.26,-1.78,3.09,-2.92,2.7
1067,-1.71,-8.95,0.39,0.79,-3.05,2.26,-1.78,3.09,-2.92,-0.52,-3.48
1068,-8.95,0.39,0.79,-3.05,-1.13,-1.78,3.09,-2.92,-0.52,-6.42,-1.71
1069,0.39,0.79,-3.05,-1.13,2.32,3.09,-2.92,-0.52,-6.42,0.75,-8.95
1070,0.79,-3.05,-1.13,2.32,-0.38,-2.92,-0.52,-6.42,0.75,1.25,0.39
1071,-3.05,-1.13,2.32,-0.38,-5.11,-0.52,-6.42,0.75,1.25,-3.23,0.79
1072,-1.13,2.32,-0.38,-5.11,1.11,-6.42,0.75,1.25,-3.23,-1.03,-3.05
1073,2.32,-0.38,-5.11,1.11,-1.81,0.75,1.25,-3.23,-1.03,3.22,-1.13
1074,-0.38,-5.11,1.11,-1.81,0.36,1.25,-3.23,-1.03,3.22,0.44,2.32
1075,-5.11,1.11,-1.81,0.36,-3.17,-3.23,-1.03,3.22,0.44,-3.55,-0.38
1076,1.11,-1.81,0.36,-3.17,4.41,-1.03,3.22,0.44,-3.55,1.97,-5.11
1077,-1.81,0.36,-3.17,4.41,-7.8,3.22,0.44,-3.55,1.97,-2.42,1.11
1078,0.36,-3.17,4.41,-7.8,4.24,0.44,-3.55,1.97,-2.42,0.2,-1.81
1079,-3.17,4.41,-7.8,4.24,1.8,-3.55,1.97,-2.42,0.2,-5.33,0.36
1080,4.41,-7.8,4.24,1.8,-6.4,1.97,-2.42,0.2,-5.33,1.97,-3.17
1081,-7.8,4.24,1.8,-6.4,-0.67,-2.42,0.2,-5.33,1.97,-7.04,4.41
1082,4.24,1.8,-6.4,-0.67,-0.33,0.2,-5.33,1.97,-7.04,2.25,-7.8
1083,1.8,-6.4,-0.67,-0.33,0.67,-5.33,1.97,-7.04,2.25,-0.26,4.24
1084,-6.4,-0.67,-0.33,0.67,-1.65,1.97,-7.04,2.25,-0.26,-6.86,1.8
1085,-0.67,-0.33,0.67,-1.65,0.0,-7.04,2.25,-0.26,-6.86,-0.94,-6.4
1086,-0.33,0.67,-1.65,0.0,-0.33,2.25,-0.26,-6.86,-0.94,0.26,-0.67
1087,0.67,-1.65,0.0,-0.33,-0.98,-0.26,-6.86,-0.94,0.26,0.85,-0.33
1088,-1.65,0.0,-0.33,-0.98,-0.65,-6.86,-0.94,0.26,0.85,-2.59,0.67
1089,0.0,-0.33,-0.98,-0.65,3.34,-0.94,0.26,0.85,-2.59,0.43,-1.65
1090,-0.33,-0.98,-0.65,3.34,-1.64,0.26,0.85,-2.59,0.43,-0.65,0.0
1091,-0.98,-0.65,3.34,-1.64,2.36,0.85,-2.59,0.43,-0.65,-0.43,-0.33
1092,-0.65,3.34,-1.64,2.36,0.0,-2.59,0.43,-0.65,-0.43,0.26,-0.98
1093,3.34,-1.64,2.36,0.0,-1.0,0.43,-0.65,-0.43,0.26,1.77,-0.65
1094,-1.64,2.36,0.0,-1.0,1.69,-0.65,-0.43,0.26,1.77,-0.03,3.34
1095,2.36,0.0,-1.0,1.69,-0.34,-0.43,0.26,1.77,-0.03,1.81,-1.64
1096,0.0,-1.0,1.69,-0.34,0.34,0.26,1.77,-0.03,1.81,0.17,2.36
1097,-1.0,1.69,-0.34,0.34,-0.34,1.77,-0.03,1.81,0.17,-0.29,0.0
1098,1.69,-0.34,0.34,-0.34,-2.31,-0.03,1.81,0.17,-0.29,2.51,-1.0
1099,-0.34,0.34,-0.34,-2.31,0.33,1.81,0.17,-0.29,2.51,-0.61,1.69
1100,0.34,-0.34,-2.31,0.33,-1.95,0.17,-0.29,2.51,-0.61,-0.49,-0.34
1101,-0.34,-2.31,0.33,-1.95,2.33,-0.29,2.51,-0.61,-0.49,0.07,0.34
1102,-2.31,0.33,-1.95,2.33,2.38,2.51,-0.61,-0.49,0.07,-1.89,-0.34
1103,0.33,-1.95,2.33,2.38,0.34,-0.61,-0.49,0.07,-1.89,0.34,-2.31
1104,-1.95,2.33,2.38,0.34,0.0,-0.49,0.07,-1.89,0.34,-1.67,0.33
1105,2.33,2.38,0.34,0.0,-4.87,0.07,-1.89,0.34,-1.67,1.35,-1.95
1106,2.38,0.34,0.0,-4.87,-1.91,-1.89,0.34,-1.67,1.35,2.33,2.33
1107,0.34,0.0,-4.87,-1.91,1.62,0.34,-1.67,1.35,2.33,0.32,2.38
1108,0.0,-4.87,-1.91,1.62,0.0,-1.67,1.35,2.33,0.32,0.26,0.34
1109,-4.87,-1.91,1.62,0.0,-1.59,1.35,2.33,0.32,0.26,-5.48,0.0
1110,-1.91,1.62,0.0,-1.59,-0.32,2.33,0.32,0.26,-5.48,-0.34,-4.87
1111,1.62,0.0,-1.59,-0.32,3.62,0.32,0.26,-5.48,-0.34,0.88,-1.91
1112,0.0,-1.59,-0.32,3.62,-1.3,0.26,-5.48,-0.34,0.88,0.16,1.62
1113,-1.59,-0.32,3.62,-1.3,0.33,-5.48,-0.34,0.88,0.16,-0.56,0.0
1114,-0.32,3.62,-1.3,0.33,0.33,-0.34,0.88,0.16,-0.56,0.37,-1.59
1115,3.62,-1.3,0.33,0.33,-1.92,0.88,0.16,-0.56,0.37,1.36,-0.32
1116,-1.3,0.33,0.33,-1.92,-0.95,0.16,-0.56,0.37,1.36,-1.01,3.62
1117,0.33,0.33,-1.92,-0.95,0.32,-0.56,0.37,1.36,-1.01,-0.06,-1.3
1118,0.33,-1.92,-0.95,0.32,0.64,0.37,1.36,-1.01,-0.06,0.73,0.33
1119,-1.92,-0.95,0.32,0.64,0.32,1.36,-1.01,-0.06,0.73,-1.43,0.33
1120,-0.95,0.32,0.64,0.32,1.63,-1.01,-0.06,0.73,-1.43,-0.48,-1.92
1121,0.32,0.64,0.32,1.63,2.0,-0.06,0.73,-1.43,-0.48,0.27,-0.95
1122,0.64,0.32,1.63,2.0,4.17,0.73,-1.43,-0.48,0.27,-0.18,0.32
1123,0.32,1.63,2.0,4.17,0.0,-1.43,-0.48,0.27,-0.18,1.58,0.64
1124,1.63,2.0,4.17,0.0,-3.02,-0.48,0.27,-0.18,1.58,1.91,0.32
1125,2.0,4.17,0.0,-3.02,-0.67,0.27,-0.18,1.58,1.91,1.83,1.63
1126,4.17,0.0,-3.02,-0.67,0.33,-0.18,1.58,1.91,1.83,4.31,2.0
1127,0.0,-3.02,-0.67,0.33,-1.97,1.58,1.91,1.83,4.31,-0.25,4.17
1128,-3.02,-0.67,0.33,-1.97,-0.97,1.91,1.83,4.31,-0.25,-1.7,0.0
1129,-0.67,0.33,-1.97,-0.97,-0.65,1.83,4.31,-0.25,-1.7,-0.14,-3.02
1130,0.33,-1.97,-0.97,-0.65,4.03,4.31,-0.25,-1.7,-0.14,0.36,-0.67
1131,-1.97,-0.97,-0.65,4.03,1.36,-0.25,-1.7,-0.14,0.36,-1.72,0.33
1132,-0.97,-0.65,4.03,1.36,-5.16,-1.7,-0.14,0.36,-1.72,0.14,-1.97
1133,-0.65,4.03,1.36,-5.16,0.65,-0.14,0.36,-1.72,0.14,0.5,-0.97
1134,4.03,1.36,-5.16,0.65,0.65,0.36,-1.72,0.14,0.5,1.3,-0.65
1135,1.36,-5.16,0.65,0.65,0.0,-1.72,0.14,0.5,1.3,1.45,4.03
1136,-5.16,0.65,0.65,0.0,2.34,0.14,0.5,1.3,1.45,-3.06,1.36
1137,0.65,0.65,0.0,2.34,-0.66,0.5,1.3,1.45,-3.06,1.14,-5.16
1138,0.65,0.0,2.34,-0.66,-0.99,1.3,1.45,-3.06,1.14,-0.14,0.65
1139,0.0,2.34,-0.66,-0.99,4.83,1.45,-3.06,1.14,-0.14,1.6,0.65
1140,2.34,-0.66,-0.99,4.83,0.69,-3.06,1.14,-0.14,1.6,2.32,0.0
1141,-0.66,-0.99,4.83,0.69,3.23,1.14,-0.14,1.6,2.32,-0.93,2.34
1142,-0.99,4.83,0.69,3.23,0.0,-0.14,1.6,2.32,-0.93,0.17,-0.66
1143,4.83,0.69,3.23,0.0,-2.45,1.6,2.32,-0.93,0.17,3.28,-0.99
1144,0.69,3.23,0.0,-2.45,0.7,2.32,-0.93,0.17,3.28,1.27,4.83
1145,3.23,0.0,-2.45,0.7,-2.74,-0.93,0.17,3.28,1.27,2.97,0.69
1146,0.0,-2.45,0.7,-2.74,1.04,0.17,3.28,1.27,2.97,0.48,3.23
1147,-2.45,0.7,-2.74,1.04,-2.69,3.28,1.27,2.97,0.48,-2.02,0.0
1148,0.7,-2.74,1.04,-2.69,0.0,1.27,2.97,0.48,-2.02,0.27,-2.45
1149,-2.74,1.04,-2.69,0.0,1.71,2.97,0.48,-2.02,0.27,-1.6,0.7
1150,1.04,-2.69,0.0,1.71,0.34,0.48,-2.02,0.27,-1.6,0.86,-2.74
1151,-2.69,0.0,1.71,0.34,-3.32,-2.02,0.27,-1.6,0.86,-2.19,1.04
1152,0.0,1.71,0.34,-3.32,7.5,0.27,-1.6,0.86,-2.19,0.92,-2.69
1153,1.71,0.34,-3.32,7.5,-4.44,-1.6,0.86,-2.19,0.92,1.89,0.0
1154,0.34,-3.32,7.5,-4.44,-6.39,0.86,-2.19,0.92,1.89,0.38,1.71
1155,-3.32,7.5,-4.44,-6.39,-0.32,-2.19,0.92,1.89,0.38,-2.1,0.34
1156,7.5,-4.44,-6.39,-0.32,-3.09,0.92,1.89,0.38,-2.1,4.89,-3.32
1157,-4.44,-6.39,-0.32,-3.09,2.21,1.89,0.38,-2.1,4.89,-3.52,7.5
1158,-6.39,-0.32,-3.09,2.21,1.28,0.38,-2.1,4.89,-3.52,-2.67,-4.44
1159,-0.32,-3.09,2.21,1.28,-0.32,-2.1,4.89,-3.52,-2.67,0.07,-6.39
1160,-3.09,2.21,1.28,-0.32,-0.63,4.89,-3.52,-2.67,0.07,-1.39,-0.32
1161,2.21,1.28,-0.32,-0.63,2.93,-3.52,-2.67,0.07,-1.39,2.29,-3.09
1162,1.28,-0.32,-0.63,2.93,-3.76,-2.67,0.07,-1.39,2.29,2.92,2.21
1163,-0.32,-0.63,2.93,-3.76,5.63,0.07,-1.39,2.29,2.92,-2.52,1.28
1164,-0.63,2.93,-3.76,5.63,4.5,-1.39,2.29,2.92,-2.52,-0.2,-0.32
1165,2.93,-3.76,5.63,4.5,-2.36,2.29,2.92,-2.52,-0.2,-1.23,-0.63
1166,-3.76,5.63,4.5,-2.36,-10.03,2.92,-2.52,-0.2,-1.23,-0.82,2.93
1167,5.63,4.5,-2.36,-10.03,-10.11,-2.52,-0.2,-1.23,-0.82,4.82,-3.76
1168,4.5,-2.36,-10.03,-10.11,-5.43,-0.2,-1.23,-0.82,4.82,5.34,5.63
1169,-2.36,-10.03,-10.11,-5.43,-1.53,-1.23,-0.82,4.82,5.34,-1.27,4.5
1170,-10.03,-10.11,-5.43,-1.53,3.69,-0.82,4.82,5.34,-1.27,-7.63,-2.36
1171,-10.11,-5.43,-1.53,3.69,-8.45,4.82,5.34,-1.27,-7.63,-8.49,-10.03
1172,-5.43,-1.53,3.69,-8.45,4.55,5.34,-1.27,-7.63,-8.49,-4.27,-10.11
1173,-1.53,3.69,-8.45,4.55,0.0,-1.27,-7.63,-8.49,-4.27,-3.42,-5.43
1174,3.69,-8.45,4.55,0.0,2.59,-7.63,-8.49,-4.27,-3.42,1.23,-1.53
1175,-8.45,4.55,0.0,2.59,-2.28,-8.49,-4.27,-3.42,1.23,-6.15,3.69
1176,4.55,0.0,2.59,-2.28,1.02,-4.27,-3.42,1.23,-6.15,0.71,-8.45
1177,0.0,2.59,-2.28,1.02,3.71,-3.42,1.23,-6.15,0.71,0.27,4.55
1178,2.59,-2.28,1.02,3.71,3.57,1.23,-6.15,0.71,0.27,1.76,0.0
1179,-2.28,1.02,3.71,3.57,-1.36,-6.15,0.71,0.27,1.76,-1.06,2.59
1180,1.02,3.71,3.57,-1.36,-3.15,0.71,0.27,1.76,-1.06,-0.01,-2.28
1181,3.71,3.57,-1.36,-3.15,4.67,0.27,1.76,-1.06,-0.01,4.92,1.02
1182,3.57,-1.36,-3.15,4.67,-1.62,1.76,-1.06,-0.01,4.92,2.26,3.71
1183,-1.36,-3.15,4.67,-1.62,-0.27,-1.06,-0.01,4.92,2.26,-0.89,3.57
1184,-3.15,4.67,-1.62,-0.27,-4.63,-0.01,4.92,2.26,-0.89,-1.65,-1.36
1185,4.67,-1.62,-0.27,-4.63,5.42,4.92,2.26,-0.89,-1.65,3.69,-3.15
1186,-1.62,-0.27,-4.63,5.42,-2.38,2.26,-0.89,-1.65,3.69,-1.11,4.67
1187,-0.27,-4.63,5.42,-2.38,-10.0,-0.89,-1.65,3.69,-1.11,-1.13,-1.62
1188,-4.63,5.42,-2.38,-10.0,-2.78,-1.65,3.69,-1.11,-1.13,-2.2,-0.27
1189,5.42,-2.38,-10.0,-2.78,2.61,3.69,-1.11,-1.13,-2.2,3.44,-4.63
1190,-2.38,-10.0,-2.78,2.61,-1.17,-1.11,-1.13,-2.2,3.44,-1.68,5.42
1191,-10.0,-2.78,2.61,-1.17,-0.93,-1.13,-2.2,3.44,-1.68,-8.48,-2.38
1192,-2.78,2.61,-1.17,-0.93,-0.46,-2.2,3.44,-1.68,-8.48,-1.29,-10.0
1193,2.61,-1.17,-0.93,-0.46,5.62,3.44,-1.68,-8.48,-1.29,2.43,-2.78
1194,-1.17,-0.93,-0.46,5.62,1.74,-1.68,-8.48,-1.29,2.43,0.21,2.61
1195,-0.93,-0.46,5.62,1.74,-8.64,-8.48,-1.29,2.43,0.21,0.64,-1.17
1196,-0.46,5.62,1.74,-8.64,10.0,-1.29,2.43,0.21,0.64,0.88,-0.93
1197,5.62,1.74,-8.64,10.0,9.89,2.43,0.21,0.64,0.88,3.51,-0.46
1198,1.74,-8.64,10.0,9.89,-9.9,0.21,0.64,0.88,3.51,0.46,5.62
1199,-8.64,10.0,9.89,-9.9,-0.49,0.64,0.88,3.51,0.46,-3.03,1.74
1200,10.0,9.89,-9.9,-0.49,-9.98,0.88,3.51,0.46,-3.03,-1.16,-8.64
1201,9.89,-9.9,-0.49,-9.98,-8.33,3.51,0.46,-3.03,-1.16,2.39,10.0
1202,-9.9,-0.49,-9.98,-8.33,-5.2,0.46,-3.03,-1.16,2.39,4.54,9.89
1203,-0.49,-9.98,-8.33,-5.2,7.9,-3.03,-1.16,2.39,4.54,5.76,-9.9
1204,-9.98,-8.33,-5.2,7.9,-3.22,-1.16,2.39,4.54,5.76,-5.9,-0.49
1205,-8.33,-5.2,7.9,-3.22,-8.97,2.39,4.54,5.76,-5.9,-1.29,-9.98
1206,-5.2,7.9,-3.22,-8.97,-4.88,4.54,5.76,-5.9,-1.29,2.41,-8.33
1207,7.9,-3.22,-8.97,-4.88,8.3,5.76,-5.9,-1.29,2.41,-5.77,-5.2
1208,-3.22,-8.97,-4.88,8.3,2.71,-5.9,-1.29,2.41,-5.77,-3.48,7.9
1209,-8.97,-4.88,8.3,2.71,0.39,-1.29,2.41,-5.77,-3.48,-5.23,-3.22
1210,-4.88,8.3,2.71,0.39,0.78,2.41,-5.77,-3.48,-5.23,5.53,-8.97
1211,8.3,2.71,0.39,0.78,-4.67,-5.77,-3.48,-5.23,5.53,-3.34,-4.88
1212,2.71,0.39,0.78,-4.67,1.71,-3.48,-5.23,5.53,-3.34,-7.4,8.3
1213,0.39,0.78,-4.67,1.71,1.35,-5.23,5.53,-3.34,-7.4,-3.46,2.71
1214,0.78,-4.67,1.71,1.35,-1.14,5.53,-3.34,-7.4,-3.46,2.48,0.39
1215,-4.67,1.71,1.35,-1.14,-0.19,-3.34,-7.4,-3.46,2.48,2.19,0.78
1216,1.71,1.35,-1.14,-0.19,0.57,-7.4,-3.46,2.48,2.19,-6.42,-4.67
1217,1.35,-1.14,-0.19,0.57,1.95,-3.46,2.48,2.19,-6.42,-3.67,1.71
1218,-1.14,-0.19,0.57,1.95,0.59,2.48,2.19,-6.42,-3.67,1.65,1.35
1219,-0.19,0.57,1.95,0.59,-2.49,2.19,-6.42,-3.67,1.65,-3.47,-1.14
1220,0.57,1.95,0.59,-2.49,-3.15,-6.42,-3.67,1.65,-3.47,-2.0,-0.19
1221,1.95,0.59,-2.49,-3.15,0.19,-3.67,1.65,-3.47,-2.0,0.87,0.57
1222,0.59,-2.49,-3.15,0.19,6.94,1.65,-3.47,-2.0,0.87,0.3,1.95
1223,-2.49,-3.15,0.19,6.94,-2.33,-3.47,-2.0,0.87,0.3,-0.15,0.59
1224,-3.15,0.19,6.94,-2.33,4.45,-2.0,0.87,0.3,-0.15,-0.36,-2.49
1225,0.19,6.94,-2.33,4.45,1.44,0.87,0.3,-0.15,-0.36,2.17,-3.15
1226,6.94,-2.33,4.45,1.44,3.18,0.3,-0.15,-0.36,2.17,1.54,0.19
1227,-2.33,4.45,1.44,3.18,1.94,-0.15,-0.36,2.17,1.54,0.76,6.94
1228,4.45,1.44,3.18,1.94,7.18,-0.36,2.17,1.54,0.76,-0.01,-2.33
1229,1.44,3.18,1.94,7.18,0.47,2.17,1.54,0.76,-0.01,1.69,4.45
1230,3.18,1.94,7.18,0.47,0.23,1.54,0.76,-0.01,1.69,4.71,1.44
1231,1.94,7.18,0.47,0.23,1.9,0.76,-0.01,1.69,4.71,-0.18,3.18
1232,7.18,0.47,0.23,1.9,-1.17,-0.01,1.69,4.71,-0.18,-6.5,1.94
1233,0.47,0.23,1.9,-1.17,-3.84,1.69,4.71,-0.18,-6.5,0.63,7.18
1234,0.23,1.9,-1.17,-3.84,3.26,4.71,-0.18,-6.5,0.63,2.02,0.47
1235,1.9,-1.17,-3.84,3.26,-2.28,-0.18,-6.5,0.63,2.02,3.35,0.23
1236,-1.17,-3.84,3.26,-2.28,-0.23,-6.5,0.63,2.02,3.35,2.83,1.9
1237,-3.84,3.26,-2.28,-0.23,2.8,0.63,2.02,3.35,2.83,1.87,-1.17
1238,3.26,-2.28,-0.23,2.8,3.63,2.02,3.35,2.83,1.87,0.65,-3.84
1239,-2.28,-0.23,2.8,3.63,-6.77,3.35,2.83,1.87,0.65,3.13,3.26
1240,-0.23,2.8,3.63,-6.77,-3.49,2.83,1.87,0.65,3.13,-0.58,-2.28
1241,2.8,3.63,-6.77,-3.49,-2.75,1.87,0.65,3.13,-0.58,-1.59,-0.23
1242,3.63,-6.77,-3.49,-2.75,4.42,0.65,3.13,-0.58,-1.59,0.06,2.8
1243,-6.77,-3.49,-2.75,4.42,-1.31,3.13,-0.58,-1.59,0.06,-0.58,3.63
1244,-3.49,-2.75,4.42,-1.31,1.33,-0.58,-1.59,0.06,-0.58,1.56,-6.77
1245,-2.75,4.42,-1.31,1.33,-3.62,-1.59,0.06,-0.58,1.56,3.04,-3.49
1246,4.42,-1.31,1.33,-3.62,1.74,0.06,-0.58,1.56,3.04,2.28,-2.75
1247,-1.31,1.33,-3.62,1.74,-3.15,-0.58,1.56,3.04,2.28,-2.77,4.42
1248,1.33,-3.62,1.74,-3.15,-1.24,1.56,3.04,2.28,-2.77,-1.62,-1.31
1249,-3.62,1.74,-3.15,-1.24,-0.21,3.04,2.28,-2.77,-1.62,-4.06,1.33
1250,1.74,-3.15,-1.24,-0.21,4.32,2.28,-2.77,-1.62,-4.06,0.87,-3.62
1251,-3.15,-1.24,-0.21,4.32,3.58,-2.77,-1.62,-4.06,0.87,-0.78,1.74
1252,-1.24,-0.21,4.32,3.58,-0.67,-1.62,-4.06,0.87,-0.78,0.01,-3.15
1253,-0.21,4.32,3.58,-0.67,1.81,-4.06,0.87,-0.78,0.01,-1.13,-1.24
1254,4.32,3.58,-0.67,1.81,-9.8,0.87,-0.78,0.01,-1.13,3.04,-0.21
1255,3.58,-0.67,1.81,-9.8,5.15,-0.78,0.01,-1.13,3.04,-0.47,4.32
1256,-0.67,1.81,-9.8,5.15,9.91,0.01,-1.13,3.04,-0.47,0.36,3.58
1257,1.81,-9.8,5.15,9.91,3.41,-1.13,3.04,-0.47,0.36,2.44,-0.67
1258,-9.8,5.15,9.91,3.41,-2.61,3.04,-0.47,0.36,2.44,1.82,1.81
1259,5.15,9.91,3.41,-2.61,-1.86,-0.47,0.36,2.44,1.82,-1.64,-9.8
1260,9.91,3.41,-2.61,-1.86,3.37,0.36,2.44,1.82,-1.64,2.2,5.15
1261,3.41,-2.61,-1.86,3.37,0.24,2.44,1.82,-1.64,2.2,2.71,9.91
1262,-2.61,-1.86,3.37,0.24,0.98,1.82,-1.64,2.2,2.71,-1.24,3.41
1263,-1.86,3.37,0.24,0.98,1.74,-1.64,2.2,2.71,-1.24,0.34,-2.61
1264,3.37,0.24,0.98,1.74,-1.71,2.2,2.71,-1.24,0.34,2.17,-1.86
1265,0.24,0.98,1.74,-1.71,1.49,2.71,-1.24,0.34,2.17,1.94,3.37
1266,0.98,1.74,-1.71,1.49,0.75,-1.24,0.34,2.17,1.94,-0.93,0.24
1267,1.74,-1.71,1.49,0.75,-2.91,0.34,2.17,1.94,-0.93,0.84,0.98
1268,-1.71,1.49,0.75,-2.91,-2.59,2.17,1.94,-0.93,0.84,2.52,1.74
1269,1.49,0.75,-2.91,-2.59,4.95,1.94,-0.93,0.84,2.52,1.0,-1.71
1270,0.75,-2.91,-2.59,4.95,2.54,-0.93,0.84,2.52,1.0,0.41,1.49
1271,-2.91,-2.59,4.95,2.54,2.87,0.84,2.52,1.0,0.41,1.66,0.75
1272,-2.59,4.95,2.54,2.87,-1.54,2.52,1.0,0.41,1.66,-1.02,-2.91
1273,4.95,2.54,2.87,-1.54,9.89,1.0,0.41,1.66,-1.02,2.59,-2.59
1274,2.54,2.87,-1.54,9.89,9.94,0.41,1.66,-1.02,2.59,0.24,4.95
1275,2.87,-1.54,9.89,9.94,2.55,1.66,-1.02,2.59,0.24,0.58,2.54
1276,-1.54,9.89,9.94,2.55,0.32,-1.02,2.59,0.24,0.58,-0.83,2.87
1277,9.89,9.94,2.55,0.32,0.32,2.59,0.24,0.58,-0.83,0.1,-1.54
1278,9.94,2.55,0.32,0.32,-1.58,0.24,0.58,-0.83,0.1,1.95,9.89
1279,2.55,0.32,0.32,-1.58,0.32,0.58,-0.83,0.1,1.95,0.98,9.94
1280,0.32,0.32,-1.58,0.32,0.32,-0.83,0.1,1.95,0.98,0.14,2.55
1281,0.32,-1.58,0.32,0.32,-1.87,0.1,1.95,0.98,0.14,2.13,0.32
1282,-1.58,0.32,0.32,-1.87,-1.53,1.95,0.98,0.14,2.13,1.55,0.32
1283,0.32,0.32,-1.87,-1.53,5.16,0.98,0.14,2.13,1.55,2.26,-1.58
1284,0.32,-1.87,-1.53,5.16,-2.52,0.14,2.13,1.55,2.26,0.7,0.32
1285,-1.87,-1.53,5.16,-2.52,0.63,2.13,1.55,2.26,0.7,1.78,0.32
1286,-1.53,5.16,-2.52,0.63,2.27,1.55,2.26,0.7,1.78,0.15,-1.87
1287,5.16,-2.52,0.63,2.27,0.98,2.26,0.7,1.78,0.15,-0.49,-1.53
1288,-2.52,0.63,2.27,0.98,-0.97,0.7,1.78,0.15,-0.49,1.89,5.16
1289,0.63,2.27,0.98,-0.97,0.0,1.78,0.15,-0.49,1.89,-0.22,-2.52
1290,2.27,0.98,-0.97,0.0,1.64,0.15,-0.49,1.89,-0.22,-0.95,0.63
1291,0.98,-0.97,0.0,1.64,0.0,-0.49,1.89,-0.22,-0.95,0.51,2.27
1292,-0.97,0.0,1.64,0.0,1.0,1.89,-0.22,-0.95,0.51,-2.2,0.98
1293,0.0,1.64,0.0,1.0,5.24,-0.22,-0.95,0.51,-2.2,0.78,-0.97
1294,1.64,0.0,1.0,5.24,2.14,-0.95,0.51,-2.2,0.78,0.36,0.0
1295,0.0,1.0,5.24,2.14,-2.44,0.51,-2.2,0.78,0.36,2.15,1.64
1296,1.0,5.24,2.14,-2.44,-4.33,-2.2,0.78,0.36,2.15,-0.56,0.0
1297,5.24,2.14,-2.44,-4.33,-1.64,0.78,0.36,2.15,-0.56,0.76,1.0
1298,2.14,-2.44,-4.33,-1.64,-0.97,0.36,2.15,-0.56,0.76,0.58,5.24
1299,-2.44,-4.33,-1.64,-0.97,1.32,2.15,-0.56,0.76,0.58,0.96,2.14
1300,-4.33,-1.64,-0.97,1.32,-2.25,-0.56,0.76,0.58,0.96,0.5,-2.44
1301,-1.64,-0.97,1.32,-2.25,-0.64,0.76,0.58,0.96,0.5,0.51,-4.33
1302,-0.97,1.32,-2.25,-0.64,-0.95,0.58,0.96,0.5,0.51,1.5,-1.64
1303,1.32,-2.25,-0.64,-0.95,-1.25,0.96,0.5,0.51,1.5,0.62,-0.97
1304,-2.25,-0.64,-0.95,-1.25,0.31,0.5,0.51,1.5,0.62,-1.93,1.32
1305,-0.64,-0.95,-1.25,0.31,1.27,0.51,1.5,0.62,-1.93,-1.18,-2.25
1306,-0.95,-1.25,0.31,1.27,-1.25,1.5,0.62,-1.93,-1.18,-0.96,-0.64
1307,-1.25,0.31,1.27,-1.25,0.0,0.62,-1.93,-1.18,-0.96,2.45,-0.95
1308,0.31,1.27,-1.25,0.0,2.9,-1.93,-1.18,-0.96,2.45,-2.56,-1.25
1309,1.27,-1.25,0.0,2.9,2.99,-1.18,-0.96,2.45,-2.56,-1.59,0.31
